sponsor,n_originated,n_approved,success_pct
Sanofi,362,9,2.5
GlaxoSmithKline (GSK),356,8,2.2
Novartis,322,19,5.9
AstraZeneca,244,18,7.4
Pfizer,236,21,8.9
Merck (MSD),229,6,2.6
Johnson & Johnson (Janssen),210,9,4.3
Roche / Genentech,162,16,9.9
AbbVie,160,8,5.0
Takeda,150,9,6.0
Bristol Myers Squibb,112,11,9.8
Bayer,112,5,4.5
Gilead,95,10,10.5
Eli Lilly,95,15,15.8
Jiangsu Hengrui,87,0,0.0
Colgate Palmolive,84,0,0.0
Boehringer Ingelheim,73,4,5.5
Amgen,73,9,12.3
Novo Nordisk,64,5,7.8
Chiesi,63,3,4.8
Regeneron,59,7,11.9
Sun Pharmaceutical,59,2,3.4
EMS,59,0,0.0
Hanmi Pharmaceutical Company,57,0,0.0
Astellas,57,5,8.8
Otsuka,52,3,5.8
ViiV Healthcare,47,1,2.1
Moderna,42,0,0.0
Innovent,42,0,0.0
Seqirus,41,0,0.0
Ferring Pharmaceuticals,40,1,2.5
Haisco Pharmaceutical Group Co,39,0,0.0
Daewoong Pharmaceutical Co. LTD.,38,0,0.0
Sino Biopharm / Chia Tai Tianqing,38,1,2.6
Biogen,36,2,5.6
Novavax,35,0,0.0
Incyte,34,2,5.9
Merck KGaA,34,3,8.8
Actavis Inc.,33,0,0.0
ImmunityBio,33,1,3.0
Vertex,32,5,15.6
LEO Pharma,32,2,6.2
Chong Kun Dang Pharmaceutical,32,0,0.0
Daiichi Sankyo,29,3,10.3
UCB,29,5,17.2
Sinovac Biotech Co,28,0,0.0
Galderma R&D,27,0,0.0
BioNTech,27,0,0.0
Bausch Health / Valeant,26,1,3.8
Eisai,26,3,11.5
Pearl Therapeutics,25,0,0.0
Grifols,24,0,0.0
Ipsen,24,2,8.3
Anhui Zhifei Longcom Biologic Pharmacy Co,23,0,0.0
PT Bio Farma,22,0,0.0
Boryung Pharmaceutical Co,22,0,0.0
Aclaris Therapeutics,22,0,0.0
Addpharma Inc.,21,0,0.0
Eurofarma Laboratorios,21,0,0.0
Alcon Research,21,0,0.0
Tanabe Pharma Corporation,21,0,0.0
Glaukos Corporation,20,0,0.0
Aldeyra Therapeutics,20,0,0.0
Laboratorios Silanes S.A. de C.V.,20,0,0.0
Dr. Reddy's Laboratories,20,0,0.0
MGC Pharmaceuticals d.o.o,20,0,0.0
Jazz Pharmaceuticals,19,2,10.5
Neurocrine Biosciences,19,3,15.8
Yuhan Corporation,19,0,0.0
Organon and Co,19,0,0.0
Ionis,19,3,15.8
Teva Branded Pharmaceutical Products R&D,19,0,0.0
Padagis LLC,18,0,0.0
CSL Behring,18,2,11.1
BeiGene / BeOne,18,1,5.6
Daewon Pharmaceutical Co,18,0,0.0
Apnimed,18,0,0.0
Shanghai Institute Of Biological Products,18,0,0.0
JW Pharmaceutical,18,0,0.0
Bausch & Lomb Incorporated,18,0,0.0
Laboratorios Sophia S.A de C.V.,18,0,0.0
Serum Institute of India,18,0,0.0
Shenzhen Salubris Pharmaceuticals Co,18,0,0.0
Shin Poong Pharmaceutical Co. Ltd.,17,0,0.0
Braintree Laboratories,17,0,0.0
Cinnagen,17,0,0.0
Santen Inc.,17,0,0.0
Celltrion,17,0,0.0
Inmunotek S.L.,17,0,0.0
Sumitomo,17,0,0.0
Tasly Pharmaceutical Group Co,17,0,0.0
Kyowa Kirin,16,3,18.8
Shionogi,16,2,12.5
"Johnson & Johnson Consumer Inc., McNeil Consumer Healthcare Division",16,0,0.0
Biocad,16,0,0.0
Bavarian Nordic,15,0,0.0
Arcutis Biotherapeutics,15,0,0.0
Sinovac Research and Development Co,15,0,0.0
Aerie Pharmaceuticals,15,1,6.7
Heron Therapeutics,15,0,0.0
HK inno.N Corporation,15,0,0.0
Mylan Inc.,14,0,0.0
Kowa Research Institute,14,0,0.0
Lakefront Biotherapeutics NV,14,0,0.0
Qlaris Bio,14,0,0.0
Octapharma,14,1,7.1
Akeso,14,0,0.0
Sintetica SA,14,0,0.0
Xeris Pharmaceuticals,14,0,0.0
Sol-Gel Technologies,14,0,0.0
Bio-Thera Solutions,14,0,0.0
Rose Research Center,13,0,0.0
Green Cross Corporation,13,0,0.0
Huons Co,13,0,0.0
Zhaoke (Guangzhou) Ophthalmology Pharmaceutical Ltd.,13,0,0.0
CanSino Biologics Inc.,13,0,0.0
Dong-A ST Co,13,0,0.0
Taejoon Pharmaceutical Co,13,0,0.0
Ache Laboratorios Farmaceuticos,13,0,0.0
GE Healthcare,12,1,8.3
Santen Pharmaceutical Co,12,0,0.0
H. Lundbeck A/S,12,0,0.0
Zealand Pharma,12,1,8.3
CSPC ZhongQi Pharmaceutical Technology Co,12,0,0.0
Changchun GeneScience Pharmaceutical Co,12,0,0.0
Vanda Pharmaceuticals,12,1,8.3
Vyne Therapeutics Inc.,12,0,0.0
Glenmark Pharmaceuticals Ltd. India,12,0,0.0
Forest Laboratories,12,0,0.0
Abbott,12,0,0.0
RDC Clinical Pty Ltd,12,0,0.0
Cali Pharmaceuticals LLC,11,0,0.0
MacroGenics,11,1,9.1
InflaRx,11,0,0.0
Allodynic Therapeutics,11,0,0.0
Apsen Farmaceutica,11,0,0.0
Kowa Company,11,0,0.0
Geropharm,11,0,0.0
Hansa Biopharma AB,11,0,0.0
Clover Biopharmaceuticals AUS Pty,11,0,0.0
Therapeutics,11,0,0.0
Ultragenyx,11,2,18.2
Guerbet,11,1,9.1
Arrowhead Pharmaceuticals,11,1,9.1
Taisho Pharmaceutical Co,11,0,0.0
Axsome Therapeutics,11,0,0.0
MediBeacon,11,0,0.0
Alnylam,11,4,36.4
Oramed,11,0,0.0
Novan,11,0,0.0
Enanta Pharmaceuticals,11,0,0.0
Taiho Pharmaceutical Co,11,0,0.0
Medicago,10,0,0.0
R-Pharm,10,0,0.0
Samsung Bioepis Co,10,0,0.0
Hansoh Pharma,10,0,0.0
Assembly Biosciences,10,0,0.0
Qilu Pharmaceutical Co,10,0,0.0
Eyenovia Inc.,10,0,0.0
Ocular Therapeutix,10,0,0.0
RemeGen Co,10,0,0.0
Nicox Ophthalmics,10,0,0.0
POLYSAN Scientific & Technological Pharmaceutical Company,10,0,0.0
Cipla Ltd.,10,0,0.0
Alkermes,10,2,20.0
Oxurion,10,0,0.0
Pacira Pharmaceuticals,10,0,0.0
AO GENERIUM,10,0,0.0
Supernus Pharmaceuticals,10,0,0.0
Dompé Farmaceutici S.p.A,10,0,0.0
Nobelpharma,10,0,0.0
dsm-firmenich Switzerland,9,0,0.0
Surface Ophthalmics,9,0,0.0
Keenova Therapeutics,9,0,0.0
TJ Biopharma Co,9,0,0.0
Faes Farma,9,0,0.0
DermBiont,9,0,0.0
Cytokinetics,9,1,11.1
Maruho Co,9,0,0.0
Intercept Pharmaceuticals,9,1,11.1
Themis Bioscience,9,0,0.0
Bond Avillion 2 Development LP,9,0,0.0
Kiadis Pharma,9,0,0.0
Hanlim Pharm. Co,9,0,0.0
BioMarin,9,4,44.4
Lee's Pharmaceutical,9,0,0.0
Inotek Pharmaceuticals Corporation,9,0,0.0
PTC Therapeutics,9,3,33.3
SK Chemicals Co,9,0,0.0
Idorsia Pharmaceuticals Ltd.,9,0,0.0
CalciMedica,9,0,0.0
Calithera Biosciences,9,0,0.0
Galera Therapeutics,9,0,0.0
Insmed Incorporated,9,0,0.0
Medigen Vaccine Biologics Corp.,9,0,0.0
Helixmith Co,9,0,0.0
Valenta Pharm JSC,9,0,0.0
Luye Pharma Group Ltd.,8,0,0.0
Cara Therapeutics,8,1,12.5
Valneva Austria,8,0,0.0
Reistone Biopharma Company,8,0,0.0
Helsinn Healthcare SA,8,0,0.0
Clearside Biomedical,8,0,0.0
Alvotech Swiss,8,0,0.0
Zydus Lifesciences,8,0,0.0
Jiangsu Alphamab Biopharmaceuticals Co,8,0,0.0
Bukwang Pharmaceutical,8,0,0.0
Arcturus Therapeutics,8,0,0.0
Johnson & Johnson Consumer Inc. (J&JCI),8,0,0.0
Materia Medica Holding,8,0,0.0
Veru Inc.,8,0,0.0
R-Pharm International,8,0,0.0
Revance Therapeutics,8,0,0.0
Ascendis Pharma,8,2,25.0
Ocuphire Pharma,8,0,0.0
Spero Therapeutics,8,0,0.0
Dongguan HEC TaiGen Biopharmaceuticals Co,8,0,0.0
Sorrento Therapeutics,8,0,0.0
Impax Laboratories,8,0,0.0
Taiwan Liposome Company,8,0,0.0
TenNor Therapeutics (Suzhou),8,0,0.0
Botanix Pharmaceuticals,8,1,12.5
XOMA (US) LLC,8,0,0.0
Huahui Health,8,0,0.0
Shanghai Pharmaceuticals Holding Co,8,0,0.0
EyePoint Pharmaceuticals,8,0,0.0
Shanghai Henlius Biotech,8,0,0.0
Procter and Gamble,8,0,0.0
Ono Pharmaceutical,8,0,0.0
Medy-Tox,8,0,0.0
Cornerstone Pharmaceuticals,8,0,0.0
Sucampo Pharma Americas,8,0,0.0
Concentric Analgesics,8,0,0.0
Osivax,8,0,0.0
Leap Therapeutics,8,0,0.0
Sarfez Pharmaceuticals,7,0,0.0
Tris Pharma,7,0,0.0
Heidelberg ImmunoTherapeutics,7,0,0.0
Xencor,7,0,0.0
Kissei Pharmaceutical Co,7,0,0.0
Lisata Therapeutics,7,0,0.0
Kallyope Inc.,7,0,0.0
RAAS Nutritionals,7,0,0.0
LG Chem,7,0,0.0
United Therapeutics,7,1,14.3
Grünenthal,7,0,0.0
Oculis,7,0,0.0
Aurobindo Pharma Ltd,7,0,0.0
Oyster Point Pharma,7,0,0.0
Mural Oncology,7,0,0.0
BioTissue Holdings,7,0,0.0
WestVac Biopharma Co,7,0,0.0
Charleston Laboratories,7,0,0.0
Samus Therapeutics,7,0,0.0
Mirum Pharmaceuticals,7,0,0.0
Bharat Biotech International,7,0,0.0
"Hipra Scientific, S.L.U",7,0,0.0
Sichuan Haisco Pharmaceutical Group Co,7,0,0.0
Chipscreen Biosciences,7,0,0.0
EpicentRx,7,0,0.0
Ascletis Pharmaceuticals Co,7,0,0.0
Sunshine Guojian Pharmaceutical (Shanghai) Co,7,0,0.0
Palleos Healthcare,7,0,0.0
Ventyx Biosciences,7,0,0.0
Hutchison Medipharma,7,0,0.0
Fresenius Kabi,7,0,0.0
Institut Pasteur,7,0,0.0
Tanabe Pharma America,7,0,0.0
Mallinckrodt,7,0,0.0
Vaxart,7,0,0.0
Zhuhai Trinomab Pharmaceutical Co,7,0,0.0
Zurex Pharma,7,0,0.0
Biotest,7,0,0.0
Genocea Biosciences,7,0,0.0
Citius Pharmaceuticals,7,0,0.0
Jiangsu Simcere Pharmaceutical Co,7,0,0.0
Beijing Zhifei Lvzhu Biopharmaceutical Co,7,0,0.0
Hugel,7,0,0.0
Encube Ethicals,7,0,0.0
Aadi Bioscience,7,0,0.0
Glenmark Specialty,7,0,0.0
Astex Pharmaceuticals,7,0,0.0
Diasome Pharmaceuticals,7,0,0.0
Handok Inc.,7,0,0.0
Sinocelltech Ltd.,6,0,0.0
Tasly Biopharmaceuticals Co,6,0,0.0
PharmaMar,6,0,0.0
Humacyte,6,1,16.7
Celon Pharma SA,6,0,0.0
Lipocine Inc.,6,0,0.0
ALK-Abelló A/S,6,0,0.0
Swedish Orphan Biovitrum,6,0,0.0
CytoDyn,6,0,0.0
NewAmsterdam Pharma,6,0,0.0
Latigo Biotherapeutics,6,0,0.0
"Suzhou Kintor Pharmaceutical Inc,",6,0,0.0
Iroko Pharmaceuticals,6,0,0.0
RedHill Biopharma,6,0,0.0
Brii Biosciences,6,0,0.0
Jadran Galenski laboratorij d.d.,6,0,0.0
ITB-Med LLC,6,0,0.0
Dexa Medica Group,6,0,0.0
Servier,6,2,33.3
KalVista Pharmaceuticals,6,1,16.7
Sanaria Inc.,6,0,0.0
Sarepta,6,3,50.0
Foresee Pharmaceuticals Co,6,0,0.0
DUSA Pharmaceuticals,6,0,0.0
Biomed Industries,6,0,0.0
AryoGen Pharmed Co.,6,0,0.0
IBSA Institut Biochimique SA,6,0,0.0
Futura Medical Developments Ltd.,6,0,0.0
Il-Yang Pharm. Co,6,0,0.0
Nektar Therapeutics,6,0,0.0
Osteal Therapeutics,6,0,0.0
Santen SAS,6,0,0.0
Inovio Pharmaceuticals,6,0,0.0
Vaxcyte,6,0,0.0
Basilea Pharmaceutica,6,1,16.7
Harmony Biosciences Management,6,0,0.0
Azura Ophthalmics,6,0,0.0
Esperion Therapeutics,6,1,16.7
Balmoral Medical company,6,0,0.0
Praxis Precision Medicines,6,0,0.0
Adamis Pharmaceuticals Corporation,6,0,0.0
Debiopharm International SA,6,0,0.0
Savara Inc.,6,0,0.0
"Ahn-Gook Pharmaceuticals Co.,Ltd",6,0,0.0
Braeburn Pharmaceuticals,6,0,0.0
Shanghai Bovax Biotechnology Co,6,0,0.0
"Suzhou Zelgen Biopharmaceuticals Co.,Ltd",6,0,0.0
LigaChem Biosciences,6,0,0.0
Blue Earth Diagnostics,6,2,33.3
SIFI SpA,6,0,0.0
Arthrosi Therapeutics,6,0,0.0
Indivior Inc.,6,0,0.0
BridgeBio Pharma,6,3,50.0
TBF Genie Tissulaire,6,0,0.0
ORA,6,0,0.0
CSPC Ouyi Pharmaceutical Co,6,0,0.0
Sunshine Lake Pharma Co,6,0,0.0
"Unither Pharmaceuticals, France",6,0,0.0
Polichem,6,0,0.0
Laboratoires Thea,6,0,0.0
Aquestive Therapeutics,6,0,0.0
"Gan and Lee Pharmaceuticals, USA",6,0,0.0
Alto Neuroscience,6,0,0.0
Unity Biotechnology,6,0,0.0
Agenus Inc.,6,0,0.0
VivaVision Biotech,6,0,0.0
Amicus Therapeutics,6,2,33.3
Bilthoven Biologicals,6,0,0.0
BioCryst Pharmaceuticals,6,0,0.0
Metro International Biotech,5,0,0.0
DBV Technologies,5,0,0.0
Ocugen,5,0,0.0
G1 Therapeutics,5,1,20.0
Suzhou Suncadia Biopharmaceuticals Co,5,0,0.0
Bionorica SE,5,0,0.0
Barinthus Biotherapeutics,5,0,0.0
Iovance Biotherapeutics,5,1,20.0
NTC,5,0,0.0
Allena Pharmaceuticals,5,0,0.0
SFJ Pharmaceuticals,5,0,0.0
Shaanxi Micot Pharmaceutical Technology Co,5,0,0.0
mAbxience Research S.L.,5,0,0.0
Laboratorios Liomont,5,0,0.0
Atea Pharmaceuticals,5,0,0.0
Santalis Pharmaceuticals,5,0,0.0
Marker Therapeutics,5,0,0.0
On Target Laboratories,5,0,0.0
INSYS Therapeutics Inc,5,0,0.0
Theranexus,5,0,0.0
Tonix Pharmaceuticals,5,0,0.0
Intarcia Therapeutics,5,0,0.0
Beijing Northland Biotech. Co,5,0,0.0
Mylan Pharmaceuticals Inc,5,0,0.0
Paratek Pharmaceuticals Inc,5,0,0.0
Resilient Pharmaceuticals,5,0,0.0
Verrica Pharmaceuticals Inc.,5,0,0.0
"Orion Corporation, Orion Pharma",5,0,0.0
Soligenix,5,0,0.0
Professional Disposables International,5,0,0.0
Solventum US LLC,5,0,0.0
Entasis Therapeutics,5,0,0.0
Kyntra Bio,5,0,0.0
Partner Therapeutics,5,0,0.0
Hangzhou Zhongmei Huadong Pharmaceutical Co,5,0,0.0
Viridian Therapeutics,5,0,0.0
Hamad Medical Corporation,5,0,0.0
Zeria Pharmaceutical,5,0,0.0
"Noveome Biotherapeutics, formerly Stemnion",5,0,0.0
Ichnos Sciences SA,5,0,0.0
TG Therapeutics,5,2,40.0
Visterra,5,0,0.0
Zambon SpA,5,0,0.0
Lynk Pharmaceuticals Co,5,0,0.0
Mayne Pharma International Pty Ltd,5,0,0.0
Asahi Kasei Therapeutics Corporation,5,0,0.0
Dr. F. Köhler Chemie,5,0,0.0
Wuhan Createrna Science and Technology Co,5,0,0.0
"Sound Pharmaceuticals, Incorporated",5,0,0.0
TWi Biotechnology,5,0,0.0
Estetra,5,0,0.0
Asarina Pharma,5,0,0.0
Evommune,5,0,0.0
Enyo Pharma,5,0,0.0
CureVac,5,0,0.0
MEDA Pharma GmbH & Co. KG,5,0,0.0
Vifor Fresenius Medical Care Renal Pharma,5,0,0.0
Genrix (Shanghai) Biopharmaceutical Co,5,0,0.0
Guangzhou Patronus Biotech Co,5,0,0.0
Nihon Pharmaceutical Co,5,0,0.0
Melinta Therapeutics,5,0,0.0
Centrexion Therapeutics,5,0,0.0
Bosnalijek D.D,5,0,0.0
Beijing Suncadia Pharmaceuticals Co,5,0,0.0
Healx AI,5,0,0.0
Xiamen Amoytop Biotech Co,5,0,0.0
Mochida Pharmaceutical Company,5,0,0.0
Orphalan,5,0,0.0
Immunovant Sciences,5,0,0.0
Armata Pharmaceuticals,5,0,0.0
Otonomy,5,0,0.0
Argenx,5,1,20.0
Fujian Shengdi Pharmaceutical Co,5,0,0.0
Allergy Therapeutics,5,0,0.0
Yooyoung Pharmaceutical Co,5,0,0.0
Vir Biotechnology,5,0,0.0
United BioPharma,5,0,0.0
Palatin Technologies,5,0,0.0
Cloudbreak Therapeutics,5,0,0.0
Alvogen Korea,5,0,0.0
Akcea Therapeutics,5,1,20.0
Qurient Co,5,0,0.0
George Medicines PTY,5,0,0.0
Antios Therapeutics,5,0,0.0
Corxel Pharmaceuticals,5,0,0.0
Intra-Cellular Therapies,5,0,0.0
Entero Therapeutics,5,0,0.0
Lexicon,5,2,40.0
Kala Pharmaceuticals,5,0,0.0
Nanogen Pharmaceutical Biotechnology Joint Stock Company,5,0,0.0
CinDome Pharma,5,0,0.0
Samjin Pharmaceutical Co,5,0,0.0
Sanwa Kagaku Kenkyusho Co,5,0,0.0
IVIEW Therapeutics Inc.,5,0,0.0
AMAG Pharmaceuticals,5,0,0.0
Durect,5,0,0.0
Neopharma Japan Co,5,0,0.0
Noven Pharmaceuticals,5,0,0.0
Vifor (International) Inc.,5,0,0.0
Mineralys Therapeutics Inc.,5,0,0.0
OPKO Health,5,0,0.0
Beijing InnoCare Pharma Tech Co,4,0,0.0
Croma-Pharma,4,0,0.0
Oxular,4,0,0.0
Merck,4,4,100.0
Yungjin Pharm. Co,4,0,0.0
Pharmazz,4,0,0.0
Frequency Therapeutics,4,0,0.0
Strategic Science & Technologies,4,0,0.0
Mesoblast,4,1,25.0
ZetrOZ,4,0,0.0
vTv Therapeutics,4,0,0.0
Mirror Biologics,4,0,0.0
Bracco Diagnostics,4,1,25.0
Chengdu Kanghong Biotech Co,4,0,0.0
Pharma Two B Ltd.,4,0,0.0
WinSanTor,4,0,0.0
Ophirex,4,0,0.0
InventisBio Co,4,0,0.0
"Jiaxing AnDiCon Biotech Co.,Ltd",4,0,0.0
Biocon Biologics UK Ltd,4,0,0.0
AJU Pharm Co,4,0,0.0
Shaperon,4,0,0.0
Replimune,4,0,0.0
Guangdong Raynovent Biotech Co,4,0,0.0
Meiji Seika Pharma Co,4,0,0.0
Tianjin Hemay Pharmaceutical Co,4,0,0.0
Dr. August Wolff GmbH & Co. KG Arzneimittel,4,0,0.0
Kyungdong Pharmaceutical Co,4,0,0.0
AiCuris Anti-infective Cures,4,0,0.0
Allakos Inc.,4,0,0.0
Orasis Pharmaceuticals Ltd.,4,0,0.0
Fougera Pharmaceuticals Inc.,4,0,0.0
Emergent BioSolutions,4,0,0.0
American Regent,4,0,0.0
Fresenius Kabi SwissBioSim,4,0,0.0
NanOlogy,4,0,0.0
Anthos Therapeutics,4,0,0.0
Pharmacosmos A/S,4,0,0.0
Keros Therapeutics,4,0,0.0
Arbor Pharmaceuticals,4,0,0.0
Alfasigma,4,0,0.0
Axovant Sciences Ltd.,4,0,0.0
Ironwood Pharmaceuticals,4,0,0.0
Johnson & Johnson Vision Care,4,0,0.0
Shanghai Fudan-Zhangjiang Bio-Pharmaceutical Co,4,0,0.0
Parion Sciences,4,0,0.0
SK Bioscience Co,4,0,0.0
Lupin,4,0,0.0
Seelos Therapeutics,4,0,0.0
Caliway Biopharmaceuticals Co,4,0,0.0
Tanvex BioPharma USA,4,0,0.0
HB BioTech,4,0,0.0
EA Pharma Co,4,0,0.0
IlDong Pharmaceutical Co Ltd,4,0,0.0
Cristália Produtos Químicos Farmacêuticos Ltda.,4,0,0.0
Mannkind Corporation,4,0,0.0
Idera Pharmaceuticals,4,0,0.0
DelMar Pharmaceuticals,4,0,0.0
Dr. Falk Pharma,4,0,0.0
Senju Pharmaceutical Co,4,0,0.0
"Rampart Health, L.L.C.",4,0,0.0
4D pharma plc,4,0,0.0
Sylentis,4,0,0.0
Iperboreal Pharma,4,0,0.0
Portola Pharmaceuticals,4,1,25.0
TAHO Pharmaceuticals Ltd.,4,0,0.0
Alector Inc.,4,0,0.0
"Tonghua Dongbao Pharmaceutical Co.,Ltd",4,0,0.0
AZTherapies,4,0,0.0
NoNO Inc.,4,0,0.0
ILiAD Biotechnologies,4,0,0.0
Advantage Silver Dental Arrest,4,0,0.0
Shandong Luoxin Pharmaceutical Group Stock Co,4,0,0.0
Intuitive Surgical,4,0,0.0
Zai Lab (Shanghai) Co,4,0,0.0
Medipost Co Ltd.,4,0,0.0
Windtree Therapeutics,4,0,0.0
Akros Pharma Inc.,4,0,0.0
Sinovac (Dalian) Vaccine Technology Co,4,0,0.0
Shanghai Haiyan Pharmaceutical Technology Co,4,0,0.0
Shanghai Biomabs Pharmaceutical Co,4,0,0.0
Oneness Biotech Co,4,0,0.0
Corbus Pharmaceuticals Inc.,4,0,0.0
Highlight Therapeutics,4,0,0.0
Aronora,4,0,0.0
Jeil Pharmaceutical Co,4,0,0.0
Corcept Therapeutics,4,0,0.0
Salvat,4,0,0.0
Baxter Healthcare Corporation,4,0,0.0
Dart NeuroScience,4,0,0.0
Wockhardt,4,0,0.0
Kind Pharmaceuticals LLC,4,0,0.0
Dermata Therapeutics,4,0,0.0
NewLink Genetics Corporation,4,0,0.0
Mereo BioPharma,4,0,0.0
Tarsus Pharmaceuticals,4,0,0.0
Renibus Therapeutics,4,0,0.0
Alkahest,4,0,0.0
Zomagen Biosciences Ltd.,4,0,0.0
Urovant Sciences,4,1,25.0
Nanjing Zenshine Pharmaceuticals,4,0,0.0
Anika Therapeutics,4,0,0.0
Cardinal Health 414,4,0,0.0
Hangzhou Sciwind Biosciences Co,4,0,0.0
Velicept Therapeutics,4,0,0.0
Altimmune,4,0,0.0
Korea Arlico Pharm. Co,4,0,0.0
Y-mAbs Therapeutics,4,1,25.0
Purdue Pharma LP,4,0,0.0
Sanotize Research and Development corp.,4,0,0.0
Alebund Pharmaceuticals,4,0,0.0
Respirent Pharmaceuticals Co Ltd.,4,0,0.0
Brooklyn ImmunoTherapeutics,4,0,0.0
Acorda Therapeutics,4,0,0.0
MediWound Ltd,4,0,0.0
Shanghai Jiatan Pharmatech Co,4,0,0.0
Technoderma Medicines Inc.,4,0,0.0
NovoCure Ltd.,4,0,0.0
"Iterum Therapeutics, International",4,0,0.0
Jiangsu vcare pharmaceutical technology co,4,0,0.0
NPO Petrovax,4,0,0.0
F-star Therapeutics,4,0,0.0
Mundipharma Research,4,0,0.0
"Cutia Therapeutics（Wuxi）Co.,Ltd",4,0,0.0
Sparrow Pharmaceuticals,4,0,0.0
Arog Pharmaceuticals,4,0,0.0
Theravance Biopharma,4,0,0.0
Can-Fite BioPharma,4,0,0.0
BioAge Labs,4,0,0.0
BeyondSpring Pharmaceuticals Inc.,4,0,0.0
CAGE Bio Inc.,4,0,0.0
BioPharmX,4,0,0.0
Matinas BioPharma Nanotechnologies,4,0,0.0
Selecta Biosciences,4,0,0.0
NuSirt Biopharma,4,0,0.0
Genfit,4,0,0.0
ObsEva SA,4,0,0.0
Sichuan Kelun-Biotech Biopharmaceutical Co,4,0,0.0
PhaseBio Pharmaceuticals Inc.,4,0,0.0
HRA Pharma,4,0,0.0
Shanghai HEP Pharmaceutical Co,4,0,0.0
Jecho Biopharmaceuticals Co,4,0,0.0
Cassiopea SpA,4,1,25.0
Viatris Innovation,4,0,0.0
Aziende Chimiche Riunite Angelini Francesco S.p.A,4,0,0.0
Ascentage Pharma Group Inc.,4,0,0.0
Vigonvita Life Sciences,4,0,0.0
"EuBiologics Co.,Ltd",4,0,0.0
Coherus,4,1,25.0
Hovione Scientia,4,0,0.0
UNION therapeutics,4,0,0.0
Medinova,4,0,0.0
PHARMENTERPRISES LLC,4,0,0.0
Fuji Yakuhin Co,4,0,0.0
Sagimet Biosciences Inc.,4,0,0.0
Cardurion Pharmaceuticals,4,0,0.0
Hope Biosciences Research Foundation,4,0,0.0
Suven Life Sciences,4,0,0.0
EQRx International,4,0,0.0
Jiangsu Rec-Biotechnology Co,4,0,0.0
Anthera Pharmaceuticals,4,0,0.0
Oncopeptides AB,3,0,0.0
Talphera,3,0,0.0
AxeroVision,3,0,0.0
Hope Medicine (Nanjing) Co,3,0,0.0
Glia,3,0,0.0
bluebird bio,3,3,100.0
CoImmune,3,0,0.0
Aprea Therapeutics,3,0,0.0
"National Vaccine and Serum Institute, China",3,0,0.0
NovoCure,3,0,0.0
Pentixapharm,3,0,0.0
Inventprise Inc.,3,0,0.0
Anterogen Co,3,0,0.0
Dermavant Sciences,3,0,0.0
Artivion Inc.,3,0,0.0
AngioLab,3,0,0.0
Insud Pharma,3,0,0.0
Energenesis Biomedical Co,3,0,0.0
Cerecor,3,0,0.0
ST Pharm Co,3,0,0.0
Beyond Air Inc.,3,0,0.0
BHR Pharma,3,0,0.0
Canopy Growth Corporation,3,0,0.0
Tilray,3,0,0.0
Teva Pharmaceuticals USA,3,0,0.0
Cetylite Industries,3,0,0.0
Revimmune,3,0,0.0
Allgenesis Biotherapeutics Inc.,3,0,0.0
NFL Biosciences SAS,3,0,0.0
BioAtla,3,0,0.0
Spectrum Pharmaceuticals,3,0,0.0
Betaliq,3,0,0.0
Nevakar,3,0,0.0
Quince Therapeutics,3,0,0.0
Modern Biosciences Ltd,3,0,0.0
Silk Technologies,3,0,0.0
Melt Pharmaceuticals,3,0,0.0
CStone Pharmaceuticals,3,0,0.0
MicuRx,3,0,0.0
UroGen Pharma Ltd.,3,0,0.0
Mimetogen Pharmaceuticals USA,3,0,0.0
Capricor Inc.,3,0,0.0
Bio 54,3,0,0.0
Synlogic,3,0,0.0
Equillium,3,0,0.0
Viatris Specialty LLC,3,0,0.0
Veloce BioPharma LLC,3,0,0.0
CSPC Baike (Shandong) Biopharmaceutical Co,3,0,0.0
Lyra Therapeutics,3,0,0.0
GPCR Therapeutics,3,0,0.0
CG Oncology,3,0,0.0
Edesa Biotech Inc.,3,0,0.0
ECRI bv,3,0,0.0
Gradalis,3,0,0.0
Orient Pharma Co,3,0,0.0
PepTcell,3,0,0.0
Enteris BioPharma Inc.,3,0,0.0
Zevra Therapeutics,3,1,33.3
Alterity Therapeutics,3,0,0.0
Beijing Minhai Biotechnology Co,3,0,0.0
Atox Bio Ltd,3,0,0.0
NeuroDerm Ltd.,3,0,0.0
AlloVir,3,0,0.0
Akorn,3,0,0.0
"Mitotech, SA",3,0,0.0
RECORDATI GROUP,3,0,0.0
Auris Medical,3,0,0.0
La Jolla Pharmaceutical Company,3,0,0.0
Krystal Biotech,3,1,33.3
Regenera Pharma Ltd,3,0,0.0
HighTide Biopharma Pty Ltd,3,0,0.0
Lyndra Inc.,3,0,0.0
MC2 Therapeutics,3,0,0.0
BrightGene Bio-Medical Technology Co,3,0,0.0
Cassava Sciences,3,0,0.0
Mónica Olivares Martín; PhD,3,0,0.0
HanAll BioPharma Co,3,0,0.0
Pierre Fabre Medicament,3,0,0.0
Eucure (Beijing) Biopharma Co,3,0,0.0
Mundipharma Pharmaceuticals,3,0,0.0
Recursion Pharmaceuticals Inc.,3,0,0.0
Next Gen Pharma India,3,0,0.0
DS Biopharma,3,0,0.0
Lumicell,3,1,33.3
Viking Therapeutics,3,0,0.0
MedPacto,3,0,0.0
Oral Defense,3,0,0.0
Pulmocide Ltd,3,0,0.0
Harbour BioMed (Guangzhou) Co. Ltd.,3,0,0.0
Azidus Brasil,3,0,0.0
Gritstone bio,3,0,0.0
Biologische Heilmittel Heel,3,0,0.0
Neurofix S.L.,3,0,0.0
MapLight Therapeutics,3,0,0.0
Jiangxi Qingfeng Pharmaceutical Co. Ltd.,3,0,0.0
Allecra,3,0,0.0
Blueberry Therapeutics,3,0,0.0
Marinomed Biotech,3,0,0.0
Eagle Pharmaceuticals,3,0,0.0
SanBio,3,0,0.0
Zhejiang Huahai Pharmaceutical Co,3,0,0.0
Lupin Ltd.,3,0,0.0
Envisia Therapeutics,3,0,0.0
Rebiotix Inc.,3,0,0.0
Vascular Therapies,3,0,0.0
Vedanta Biosciences,3,0,0.0
Khondrion BV,3,0,0.0
Arbutus Biopharma Corporation,3,0,0.0
ApoPharma,3,0,0.0
TerSera Therapeutics LLC,3,0,0.0
"Technovalia, Pty Ltd",3,0,0.0
ImmuneSensor Therapeutics Inc.,3,0,0.0
Cadila Pharnmaceuticals,3,0,0.0
AKARI Therapeutics,3,0,0.0
Adial Pharmaceuticals,3,0,0.0
Vidac Pharma,3,0,0.0
Clene Nanomedicine,3,0,0.0
CARGO Therapeutics,3,0,0.0
Taisho Pharmaceutical Indonesia,3,0,0.0
Vical,3,0,0.0
Applied Molecular Transport,3,0,0.0
Aerogen Pharma,3,0,0.0
BioVie Inc.,3,0,0.0
BioMed Valley Discoveries,3,0,0.0
Onconic Therapeutics Inc.,3,0,0.0
Sichuan Baili Pharmaceutical Co,3,0,0.0
International Partnership for Microbicides,3,0,0.0
Afimmune,3,0,0.0
CorMedix,3,1,33.3
Healx,3,0,0.0
Xenon Pharmaceuticals Inc.,3,0,0.0
Catalyst Biosciences,3,0,0.0
Terns,3,0,0.0
Verastem,3,1,33.3
Anhui Palo Alto Pharmaceuticals,3,0,0.0
Venatorx Pharmaceuticals,3,0,0.0
Cerevance Beta,3,0,0.0
NGM Biopharmaceuticals,3,0,0.0
PurGenesis Technologies Inc.,3,0,0.0
StemCyte,3,0,0.0
Cingulate Therapeutics,3,0,0.0
Cinclus Pharma Holding AB,3,0,0.0
Almirall,3,0,0.0
Spherium Biomed,3,0,0.0
Palobiofarma SL,3,0,0.0
Enimmune Corporation,3,0,0.0
Ethicon,3,0,0.0
Synermore Biologics (Suzhou) Co,3,0,0.0
Athenex,3,1,33.3
Prexton Therapeutics,3,0,0.0
Neovacs,3,0,0.0
McNeil AB,3,0,0.0
Nova Pneuma Inc.,3,0,0.0
Kezar Life Sciences,3,0,0.0
ABX advanced biochemical compounds,3,0,0.0
Laboratorio Elea Phoenix,3,0,0.0
ARS Pharmaceuticals,3,0,0.0
Antibe Therapeutics Inc.,3,0,0.0
Aridis Pharmaceuticals,3,0,0.0
Shenzhen Sciencare Medical Industries Co,3,0,0.0
Perfuse Therapeutics,3,0,0.0
MEI Pharma,3,0,0.0
Applied Biology,3,0,0.0
Oryzon Genomics,3,0,0.0
AbGenomics B.V Taiwan Branch,3,0,0.0
Torrent Pharmaceuticals,3,0,0.0
Crucell Holland BV,3,0,0.0
PharmaEssentia,3,0,0.0
Rockwell Medical Technologies,3,0,0.0
Laboratoire français de Fractionnement et de Biotechnologies,3,0,0.0
Amzell,3,0,0.0
Omeros Corporation,3,0,0.0
Amorepacific Corporation,3,0,0.0
Wellesley Pharmaceuticals,3,0,0.0
Connect Biopharm LLC,3,0,0.0
BioXcel Therapeutics Inc,3,0,0.0
Taiho Oncology,3,1,33.3
Sebela Women's Health Inc.,3,0,0.0
Baudax Bio,3,0,0.0
Apexigen America,3,0,0.0
Hill Dermaceuticals,3,0,0.0
Ardelyx,3,0,0.0
Archivel Farma S.L.,3,0,0.0
Catalysis SL,3,0,0.0
Pharmbio Korea Co,3,0,0.0
Bial - Portela C,3,0,0.0
Shanghai Hutchison Pharmaceuticals,3,0,0.0
Integrative Research Laboratories AB,3,0,0.0
Beijing Konruns Pharmaceutical Co,3,0,0.0
iRenix Medical,3,0,0.0
pharmaand,3,0,0.0
ColonaryConcepts LLC,3,0,0.0
Livzon Pharmaceutical Group Inc.,3,0,0.0
Gunkang Pharmaceuticals,3,0,0.0
Tetherex Pharmaceuticals Corporation,3,0,0.0
Longeveron Inc.,3,0,0.0
BiondVax Pharmaceuticals ltd.,3,0,0.0
Allegro Ophthalmics,3,0,0.0
Meridian Bioscience,3,0,0.0
Avalo Therapeutics,3,0,0.0
ERYtech Pharma,3,0,0.0
Anavex Life Sciences Corp.,3,0,0.0
Allarity Therapeutics,3,0,0.0
Vascular Insights,3,0,0.0
Lupin Research Inc,3,0,0.0
Polyphor Ltd.,3,0,0.0
Eiger BioPharmaceuticals,3,0,0.0
Mycovia Pharmaceuticals Inc.,3,0,0.0
Prolong Pharmaceuticals,3,0,0.0
Traws Pharma,3,0,0.0
Rain Oncology Inc,3,0,0.0
CTC Bio,3,0,0.0
miRagen Therapeutics,3,0,0.0
Advantage Dental Services,3,0,0.0
9 Meters Biopharma,3,0,0.0
Blueprint Medicines,3,2,66.7
Karyopharm Therapeutics Inc,3,0,0.0
Aura Biosciences,3,0,0.0
Aardvark Therapeutics,3,0,0.0
Medline Industries,3,0,0.0
Vascular Biogenics Ltd. operating as VBL Therapeutics,3,0,0.0
Zylorion Health,3,0,0.0
Photocure,3,0,0.0
AnaptysBio,3,0,0.0
Rhizen Pharmaceuticals SA,3,0,0.0
Affimed,3,0,0.0
Albireo,3,1,33.3
Entera Bio Ltd.,3,0,0.0
Anji Pharma,3,0,0.0
SkinJect,3,0,0.0
Polarean,3,1,33.3
Esteve Pharmaceuticals,3,0,0.0
Arthritis Innovation Corporation,3,0,0.0
Alume Biosciences,3,0,0.0
Senhwa Biosciences,3,0,0.0
Progenics Pharmaceuticals,3,0,0.0
ContraVir Pharmaceuticals,3,0,0.0
Ligand Pharmaceuticals,3,1,33.3
PleoPharma,3,0,0.0
BioMimetix JV,3,0,0.0
D. Western Therapeutics Institute,3,0,0.0
SCAI Therapeutics,3,0,0.0
Sinovac Life Sciences Co,3,0,0.0
Tisento Therapeutics,3,0,0.0
Dongkwang Pharm. Co,3,0,0.0
LG Life Sciences,3,0,0.0
Elite Laboratories,3,0,0.0
Aptinyx,3,0,0.0
RVL Pharmaceuticals,3,0,0.0
NexEos Diagnostics,3,0,0.0
Chengdu Suncadia Medicine Co,3,0,0.0
Asklepion Pharmaceuticals,3,1,33.3
OncoNano Medicine,3,0,0.0
Okyo Pharma Ltd,3,0,0.0
Innovation Pharmaceuticals,3,0,0.0
BioDelivery Sciences International,3,0,0.0
Arcus Biosciences,3,0,0.0
Church & Dwight Company,3,0,0.0
Pharvaris Netherlands B.V.,3,0,0.0
Akebia Therapeutics,3,1,33.3
Protagonist Therapeutics,3,0,0.0
Boston Scientific Corporation,3,0,0.0
Tego Science,3,0,0.0
VistaGen Therapeutics,3,0,0.0
Theriva Biologics,3,0,0.0
Mast Therapeutics,3,0,0.0
Gamida Cell ltd,3,0,0.0
Prokidney,3,0,0.0
"Becton, Dickinson",3,0,0.0
Carmot Therapeutics,3,0,0.0
Symphogen A/S,3,0,0.0
Veloxis Pharmaceuticals,3,0,0.0
Vedic Lifesciences,3,0,0.0
Longbio Pharma,3,0,0.0
Journey Medical Corporation,3,0,0.0
Clovis Oncology,3,1,33.3
"Avva Rus, JSC",3,0,0.0
Sequential Medicine Ltd,3,0,0.0
ACO Hud Nordic AB,3,0,0.0
Tiziana Life Sciences LTD,3,0,0.0
AFT Pharmaceuticals,3,0,0.0
A. Vogel,3,0,0.0
NeuroRx,3,0,0.0
Seres Therapeutics,3,0,0.0
Mabwell (Shanghai) Bioscience Co,2,0,0.0
Sobi,2,0,0.0
GemVax & Kael,2,0,0.0
Shanghai AbelZeta Ltd.,2,0,0.0
TTY Biopharm,2,0,0.0
InDex Pharmaceuticals,2,0,0.0
Provectus Biopharmaceuticals,2,0,0.0
"Genovate Biotechnology Co., Ltd.,",2,0,0.0
"Dr. Reddys Laboratories, SA",2,0,0.0
Healios K.K.,2,0,0.0
Axalbion SA,2,0,0.0
Dongkook Pharmaceutical Co,2,0,0.0
Leidos Life Sciences,2,0,0.0
Mdd Us Operations,2,0,0.0
Cumberland Pharmaceuticals,2,0,0.0
WindMIL Therapeutics,2,0,0.0
Genome & Company,2,0,0.0
Mercator MedSystems,2,0,0.0
Adynxx,2,0,0.0
Civi Biopharma,2,0,0.0
Stallergenes Greer,2,0,0.0
Ribomic USA Inc,2,0,0.0
Lipella Pharmaceuticals,2,0,0.0
Neumora Therapeutics,2,0,0.0
Zydus Therapeutics Inc.,2,0,0.0
Tracon Pharmaceuticals Inc.,2,0,0.0
Inspirna,2,0,0.0
Zhuhai Beihai Biotech Co,2,0,0.0
Novaliq,2,0,0.0
Axcella Health,2,0,0.0
Pfenex,2,0,0.0
Medibiofarma S.L.,2,0,0.0
MedDay Pharmaceuticals SA,2,0,0.0
Xenetic Biosciences,2,0,0.0
DHA Coffee Co,2,0,0.0
NImmune Biopharma,2,0,0.0
Genzum Life Sciences,2,0,0.0
Bod Australia,2,0,0.0
AlgiPharma AS,2,0,0.0
Evergreen Therapeutics,2,0,0.0
Rose Pharma Inc,2,0,0.0
"ImmunoVaccine Technologies, Inc. (IMV Inc.)",2,0,0.0
Neuraly,2,0,0.0
Nielsen BioSciences,2,0,0.0
Aeglea Biotherapeutics,2,0,0.0
Antengene Corporation,2,0,0.0
Shanghai Longwood Biopharmaceuticals Co,2,0,0.0
SynAct Pharma Aps,2,0,0.0
China National Biotec Group Company,2,0,0.0
Radiomedix,2,1,50.0
Egetis Therapeutics,2,0,0.0
Newsoara Biopharma Co,2,0,0.0
Calliditas Therapeutics AB,2,0,0.0
Xiamen LP Pharmaceutical Co,2,0,0.0
Alaunos Therapeutics,2,0,0.0
Cognition Therapeutics,2,0,0.0
AmacaThera Inc.,2,0,0.0
PhytoHealth Corporation,2,0,0.0
Heart Metabolics,2,0,0.0
Iconic Therapeutics,2,0,0.0
SBI ALApharma Canada,2,0,0.0
InnoCare Pharma Inc.,2,0,0.0
Vital Therapies,2,0,0.0
NLS Pharmaceutics,2,0,0.0
Prometheus Laboratories,2,0,0.0
OSE Immunotherapeutics,2,0,0.0
Noema Pharma,2,0,0.0
RDD Pharma Ltd,2,0,0.0
OrphAI Therapeutics,2,0,0.0
Alumis Inc,2,0,0.0
Gemini Therapeutics,2,0,0.0
AB Science,2,0,0.0
Cyclomedica Australia PTY,2,0,0.0
B. Braun Medical LLC,2,0,0.0
Teikoku Pharma USA,2,0,0.0
Innocoll,2,0,0.0
Quantum Genomics SA,2,0,0.0
NVP Healthcare,2,0,0.0
Avexima Diol LLC,2,0,0.0
Liquidia Technologies,2,0,0.0
Aleor Dermaceuticals,2,0,0.0
Marinus Pharmaceuticals,2,0,0.0
Boryung Biopharma Co,2,0,0.0
Ilya Pharma,2,0,0.0
Response Pharmaceuticals,2,0,0.0
Peregrine Pharmaceuticals,2,0,0.0
Vivoryon Therapeutics N.V.,2,0,0.0
Neuren Pharmaceuticals,2,0,0.0
Palvella Therapeutics,2,0,0.0
4SC,2,0,0.0
Kinevant Sciences,2,0,0.0
Shandong Suncadia Medicine Co,2,0,0.0
Poxel SA,2,0,0.0
Propella Therapeutics,2,0,0.0
Nanoscope Therapeutics Inc.,2,0,0.0
Delta-Fly Pharma,2,0,0.0
Bellerophon Pulse Technologies,2,0,0.0
Provention Bio,2,1,50.0
Topical Remedy,2,0,0.0
iDrop,2,0,0.0
Changchun BCHT Biotechnology Co.,2,0,0.0
PharmaKing,2,0,0.0
BioMarck Pharmaceuticals,2,0,0.0
Vaxine Pty Ltd,2,0,0.0
Clexio Biosciences Ltd.,2,0,0.0
Spinogenix,2,0,0.0
Biopharma Plasma LLC,2,0,0.0
Hyundai Bioland Co,2,0,0.0
CyanVac LLC,2,0,0.0
Hangzhou Highlightll Pharmaceutical Co,2,0,0.0
Summit Therapeutics,2,0,0.0
Tobira Therapeutics,2,0,0.0
US Oncology Research,2,0,0.0
Humanis Saglık Anonim Sirketi,2,0,0.0
Altavant Sciences,2,0,0.0
MoonLake Immunotherapeutics,2,0,0.0
Ophthotech Corporation,2,0,0.0
Avelas Biosciences,2,0,0.0
Kamada,2,0,0.0
Nykode Therapeutics ASA,2,0,0.0
Nohla Therapeutics,2,0,0.0
Protalix,2,0,0.0
Fulcrum Therapeutics,2,0,0.0
Istari Oncology,2,0,0.0
Shanghai Ark Biopharmaceutical Co,2,0,0.0
Steminent Biotherapeutics Inc.,2,0,0.0
Clementia Pharmaceuticals Inc.,2,0,0.0
medac,2,0,0.0
Douglas Pharmaceuticals America Ltd,2,0,0.0
Ensoma,2,0,0.0
Hyundai Pharm,2,0,0.0
Elcelyx Therapeutics,2,0,0.0
Dilafor AB,2,0,0.0
Allogene Therapeutics,2,0,0.0
Yuyu Pharma,2,0,0.0
Nitto Denko Corporation,2,0,0.0
South End Skin Care,2,0,0.0
Relypsa,2,1,50.0
Bioblast Pharma Ltd.,2,0,0.0
J&J,2,2,100.0
Sensorion,2,0,0.0
Aspen Global Incorporated,2,0,0.0
Sydnexis,2,0,0.0
EndoCeutics Inc.,2,0,0.0
Myovant Sciences,2,1,50.0
GB002,2,0,0.0
Seegpharm,2,0,0.0
AM-Pharma,2,0,0.0
Cerus Corporation,2,0,0.0
Wuhan YZY Biopharma Co,2,0,0.0
Staidson (Beijing) Biopharmaceuticals Co,2,0,0.0
Dyve Biosciences,2,0,0.0
ScandiBio Therapeutics AB,2,0,0.0
Shulov Innovate for Science Ltd. 2012,2,0,0.0
MediciNova,2,0,0.0
Contera Pharma,2,0,0.0
Dryox Health,2,0,0.0
Diffusion Pharmaceuticals Inc,2,0,0.0
GRI Bio Operations,2,0,0.0
Abdi Ibrahim Ilac San. ve Tic A.S.,2,0,0.0
HTA Co,2,0,0.0
Radius Pharmaceuticals,2,0,0.0
Mapi Pharma Ltd.,2,0,0.0
Pharmasoft,2,0,0.0
Scilex Pharmaceuticals,2,0,0.0
Alzheon Inc.,2,0,0.0
Pathalys Pharma,2,0,0.0
Regend Therapeutics,2,0,0.0
Processa Pharmaceuticals,2,0,0.0
Biocon Biologics Inc.,2,0,0.0
Novalead Pharma Private,2,0,0.0
"Shanghai Zerun Biotechnology Co.,Ltd",2,0,0.0
Alvogen Pine Brook LLC,2,0,0.0
Denovo Biopharma LLC,2,0,0.0
Carrick Therapeutics,2,0,0.0
Brainstorm-Cell Therapeutics,2,0,0.0
Millendo Therapeutics US,2,0,0.0
10xBio,2,0,0.0
Odonate Therapeutics,2,0,0.0
JDP Therapeutics,2,0,0.0
Cardiff Oncology,2,0,0.0
Guangdong Longchuangji Pharmaceutical Co,2,0,0.0
Teikoku Seiyaku Co,2,0,0.0
Pliant Therapeutics,2,0,0.0
Hvivo,2,0,0.0
Follicum AB,2,0,0.0
Clarity Pharmaceuticals Ltd,2,0,0.0
PepGen Inc,2,0,0.0
SymBio Pharmaceuticals,2,0,0.0
Elorac,2,0,0.0
Prothena Biosciences Ltd.,2,0,0.0
Saniona,2,0,0.0
Achieve Life Sciences,2,0,0.0
Kuhnil Pharmaceutical Co,2,0,0.0
Beijing Continent Pharmaceutical Co,2,0,0.0
GlycoMimetics Incorporated,2,0,0.0
Centus Biotherapeutics,2,0,0.0
Zhejiang Raygene Pharmaceuticals Co,2,0,0.0
CleveXel Pharma,2,0,0.0
DuKang Pharmaceuticals,2,0,0.0
Adienne SA,2,0,0.0
ACADIA Pharmaceuticals Inc.,2,0,0.0
Madrigal Pharmaceuticals,2,1,50.0
Providence Therapeutics Holdings Inc.,2,0,0.0
NeuroSense Therapeutics Ltd.,2,0,0.0
Theracos,2,0,0.0
Adamas Pharmaceuticals,2,0,0.0
Rhythm Pharmaceuticals,2,0,0.0
PolyPid Ltd.,2,0,0.0
Adaptive Phage Therapeutics,2,0,0.0
Patara Pharma,2,0,0.0
Beijing Shenogen Biomedical Co,2,0,0.0
Mundipharma (China) Pharmaceutical,2,0,0.0
Bioeq,2,0,0.0
Mallinckrodt Pharmaceuticals,2,1,50.0
Glaceum,2,0,0.0
Mikrobiomik Healthcare Company S.L.,2,0,0.0
Biodel,2,0,0.0
Thirty Respiratory,2,0,0.0
Pharmaceutical Research Management,2,0,0.0
BerGenBio ASA,2,0,0.0
NorthSea Therapeutics B.V.,2,0,0.0
Infectopharm Arzneimittel,2,0,0.0
Graybug Vision,2,0,0.0
MBX Biosciences,2,0,0.0
Crinetics Pharmaceuticals Inc.,2,0,0.0
Catalyst Pharmaceuticals,2,1,50.0
Fidia Farmaceutici,2,0,0.0
Aphaia Pharma US LLC,2,0,0.0
Chengdu Brilliant Pharmaceutical Co,2,0,0.0
Covis Pharma S.à.r.l.,2,0,0.0
Marius Pharmaceuticals,2,0,0.0
Arvinas Inc.,2,0,0.0
Camurus AB,2,0,0.0
CanBas Co. Ltd.,2,0,0.0
Tyrogenex,2,0,0.0
Beijing Joekai Biotechnology LLC,2,0,0.0
Smilebiotek Zhuhai,2,0,0.0
Mina Alpha,2,0,0.0
Lumos Pharma,2,0,0.0
Epizyme,2,1,50.0
Healthgen Biotechnology Corp.,2,0,0.0
Advaxis,2,0,0.0
Repurposed Therapeutics,2,0,0.0
GSK,2,2,100.0
Chongqing Claruvis Pharmaceutical Co,2,0,0.0
Valo Health,2,0,0.0
Finch Research and Development LLC.,2,0,0.0
Universal Integrated Corp.,2,0,0.0
SOTIO Biotech,2,0,0.0
Merus,2,1,50.0
KLSMC Stem Cells,2,0,0.0
Neutec Ar-Ge San ve Tic A.Ş,2,0,0.0
Catabasis Pharmaceuticals,2,0,0.0
Jiangsu XinChen-Techfields Pharma Co,2,0,0.0
NiKang Therapeutics,2,0,0.0
ThromboGenics,2,0,0.0
Lycera Corp.,2,0,0.0
Hope Pharmaceuticals,2,0,0.0
Rowpar Pharmaceuticals,2,0,0.0
Imunon,2,0,0.0
Shanghai Pharma Biotherapeutics USA Inc.,2,0,0.0
Clarus Therapeutics,2,0,0.0
AEterna Zentaris,2,0,0.0
Air Liquide Santé International,2,0,0.0
Laboratoire Innotech International,2,0,0.0
Ardea Biosciences,2,1,50.0
Prasco LLC,2,0,0.0
Abivax,2,0,0.0
CellProthera,2,0,0.0
Molecular Insight Pharmaceuticals,2,0,0.0
LimmaTech Biologics,2,0,0.0
Sao Thai Duong Joint Stock Company,2,0,0.0
Ablative Solutions,2,0,0.0
Reckitt Benckiser Healthcare (UK),2,0,0.0
Urigen,2,0,0.0
ChemomAb Ltd.,2,0,0.0
Kashiv BioSciences,2,0,0.0
SOFIE,2,0,0.0
pH Pharma,2,0,0.0
Deciphera,2,2,100.0
Formosa Pharmaceuticals,2,0,0.0
PCI Biotech AS,2,0,0.0
Tonghua Anrate Biopharmaceutical Co,2,0,0.0
Akero Therapeutics,2,0,0.0
Axogen Corporation,2,0,0.0
jCyte,2,0,0.0
Ripple Therapeutics Pty Ltd,2,0,0.0
Ensol Bioscience,2,0,0.0
Arrevus Inc.,2,0,0.0
Repros Therapeutics Inc.,2,0,0.0
Annexon,2,0,0.0
ViroXis Corporation,2,0,0.0
Primus Pharmaceuticals,2,0,0.0
Curacle Co,2,0,0.0
Evofem Inc.,2,0,0.0
Azafaros B.V.,2,0,0.0
"HUYABIO International, LLC.",2,0,0.0
Seikagaku Corporation,2,0,0.0
Prometic Biotherapeutics,2,0,0.0
Neurana Pharmaceuticals,2,0,0.0
Jiangsu Pacific Meinuoke Bio Pharmaceutical Co Ltd,2,0,0.0
Nanjing Chia-tai Tianqing Pharmaceutical,2,0,0.0
Vantive Health LLC,2,0,0.0
Pila Pharma,2,0,0.0
Leadiant Biosciences,2,1,50.0
Kyoto Drug Discovery and Development Co,2,0,0.0
Abeona Therapeutics,2,1,50.0
ReveraGen BioPharma,2,0,0.0
Sedana Medical,2,0,0.0
Acacia,2,2,100.0
Implicit Bioscience,2,0,0.0
Neurogastrx,2,0,0.0
Eyegate Pharmaceuticals,2,0,0.0
Curium US LLC,2,0,0.0
Zensun Sci. & Tech. Co,2,0,0.0
Scandinavian Biopharma AB,2,0,0.0
NantCell,2,0,0.0
TC Biopharm,2,0,0.0
Oshadi Drug Administration,2,0,0.0
TFF Pharmaceuticals,2,0,0.0
Synmosa Biopharma Corp.,2,0,0.0
CytomX Therapeutics,2,0,0.0
Espad Pharmed,2,0,0.0
Evgen Pharma,2,0,0.0
Clinuvel Pharmaceuticals,2,0,0.0
Perle Bioscience,2,0,0.0
Shield Therapeutics,2,0,0.0
Hepion Pharmaceuticals,2,0,0.0
Natural Wellness Egypt,2,0,0.0
Dermira,2,0,0.0
Supergene,2,0,0.0
InFlectis BioScience,2,0,0.0
Engrail Therapeutics INC,2,0,0.0
Imugene,2,0,0.0
89bio,2,0,0.0
Mankind Pharma,2,0,0.0
Jounce Therapeutics,2,0,0.0
SK Plasma Co,2,0,0.0
Sciwind Biosciences APAC CO Pty. Ltd.,2,0,0.0
SOM Innovation Biotech SA,2,0,0.0
Island Pharmaceuticals,2,0,0.0
Syntrix Biosystems,2,0,0.0
HemCon Medical Technologies,2,0,0.0
PharmaJet,2,0,0.0
Ever Neuro Pharma,2,0,0.0
Moberg Pharma AB,2,0,0.0
Rigel Pharmaceuticals,2,0,0.0
Turn Therapeutics,2,0,0.0
GTx,2,0,0.0
Navidea Biopharmaceuticals,2,0,0.0
Modra Pharmaceuticals,2,0,0.0
Byondis B.V.,2,0,0.0
InCarda Therapeutics,2,0,0.0
Teleflex,2,0,0.0
AIM Vaccine Co,2,0,0.0
Jiangsu Famous Medical Technology Co,2,0,0.0
Sinew Pharma Inc.,2,0,0.0
Tarsier Pharma,2,0,0.0
Kura Oncology,2,0,0.0
Concentrx Pharmaceuticals,2,0,0.0
Bionomics,2,0,0.0
Atossa Therapeutics,2,0,0.0
OncoSec Medical Incorporated,2,0,0.0
Romark Laboratories L.C.,2,0,0.0
Joincare Pharmaceutical Group Industry Co,2,0,0.0
Dermax SA,2,0,0.0
Celldex Therapeutics,2,0,0.0
Suzhou Raymon Pharmaceuticals Company,2,0,0.0
TaiMed Biologics Inc.,2,0,0.0
Shenyang Sunshine Pharmaceutical Co,2,0,0.0
Merz Pharmaceuticals,2,0,0.0
GeneOne Life Science,2,0,0.0
Pharma Holdings AS,2,0,0.0
Quantum Biopharma,2,0,0.0
Beijing Health Guard Biotechnology,2,0,0.0
Sunovion Respiratory Development Inc.,2,0,0.0
Galmed Research and Development,2,0,0.0
Athera Biotechnologies AB,2,0,0.0
Allay Therapeutics,2,0,0.0
EVIVE Biotechnology,2,0,0.0
Averitas Pharma,2,0,0.0
"Trek Therapeutics, PBC",2,0,0.0
Neurotrope Bioscience,2,0,0.0
Apellis Pharmaceuticals,2,0,0.0
Shanghai SIMR Biotechnology Co,2,0,0.0
DiaMedica Therapeutics Inc,2,0,0.0
Microbion Corporation,2,0,0.0
Diamyd Medical AB,2,0,0.0
Holy Stone Healthcare Co,2,0,0.0
American Genomics,2,0,0.0
Biocodex,2,1,50.0
Imcyse SA,2,0,0.0
Quark Pharmaceuticals,2,0,0.0
Bone Therapeutics S.A,2,0,0.0
Adverum Biotechnologies,2,0,0.0
Biolab Sanus Farmaceutica,2,0,0.0
Recognify Life Sciences,2,0,0.0
Viramal,2,0,0.0
Minerva Neurosciences,2,0,0.0
Cytopeutics Sdn. Bhd.,2,0,0.0
KBP Biosciences,2,0,0.0
Johnson & Johnson Consumer and Personal Products Worldwide,2,0,0.0
NeuroBo Pharmaceuticals Inc.,2,0,0.0
PureTech,2,0,0.0
Dance Biopharm Inc.,2,0,0.0
Eske Corporation S.A.C,2,0,0.0
Menarini Group,2,0,0.0
MegaPro Biomedical Co. Ltd.,2,0,0.0
Newron Pharmaceuticals SPA,2,0,0.0
Kodiak Sciences Inc,2,0,0.0
Tetra Discovery Partners,2,0,0.0
Olatec Therapeutics,2,0,0.0
Clear Creek Bio,2,0,0.0
Recardio,2,0,0.0
Chrono Therapeutics,2,0,0.0
Vertanical,2,0,0.0
Corestemchemon,2,0,0.0
Stemform,2,0,0.0
reMYND,2,0,0.0
AgelessRx,2,0,0.0
ImaginAb,2,0,0.0
Hepatera Ltd.,2,0,0.0
Realm Therapeutics,2,0,0.0
GeNeuro SA,2,0,0.0
Scynexis,2,1,50.0
Lipogems International spa,2,0,0.0
Novatek Pharmaceuticals,2,0,0.0
Genfleet Therapeutics (Shanghai) Inc.,2,0,0.0
Neumedicines Inc.,2,0,0.0
Skye Bioscience,2,0,0.0
Nanjing Minova Pharmaceutical Co,2,0,0.0
Angde Biotech Pharmaceutical Co,2,0,0.0
Amryt Research,2,0,0.0
Icure Pharmaceutical Inc.,2,0,0.0
Oblato,2,0,0.0
Zogenix,2,0,0.0
Shanghai Shengdi Pharmaceutical Co,2,0,0.0
Entegrion,2,0,0.0
Lannett Company,2,0,0.0
Sinotau Pharmaceutical Group,2,0,0.0
Neurotech Pharmaceuticals,2,1,50.0
Sermonix Pharmaceuticals Inc.,2,0,0.0
Icosavax,2,0,0.0
Ocumension Therapeutics (Shanghai) Co,2,0,0.0
Veradermics,2,0,0.0
Sustained Therapeutics Inc.,2,0,0.0
SolAeroMed Inc.,2,0,0.0
UniQure Biopharma B.V.,2,0,0.0
EmeraMed,2,0,0.0
AB2 Bio Ltd.,2,0,0.0
OxThera,2,0,0.0
Immutep S.A.S.,2,0,0.0
Keymed Biosciences Co.Ltd,2,0,0.0
Medimetriks Pharmaceuticals,2,1,50.0
Cartesian Therapeutics,2,0,0.0
Opthea,2,0,0.0
Yangtze River Pharmaceutical Group Co,2,0,0.0
Inotrem,2,0,0.0
INIBIO Co,2,0,0.0
Avid Radiopharmaceuticals,2,0,0.0
Elios Therapeutics,2,0,0.0
Vyluma,2,0,0.0
TikoMed AB,2,0,0.0
Telavant,2,0,0.0
Sollis Therapeutics,2,0,0.0
Spruce Biosciences,2,0,0.0
TO Pharmaceuticals,2,0,0.0
Edge Therapeutics Inc,2,0,0.0
Trefoil Therapeutics,2,0,0.0
PIQUR Therapeutics,2,0,0.0
Ampio Pharmaceuticals. Inc.,2,0,0.0
Syndax,2,2,100.0
Sienna Biopharmaceuticals,2,0,0.0
Silver Creek Pharmaceuticals,2,0,0.0
Gossamer Bio,2,0,0.0
Escient Pharmaceuticals,2,0,0.0
Transposon Therapeutics,2,0,0.0
Aelix Therapeutics,2,0,0.0
Nanjing Yoko Biomedical Co,2,0,0.0
Jazz,2,2,100.0
Medeor Therapeutics,2,0,0.0
NicOx,2,0,0.0
GC Cell Corporation,2,0,0.0
Lakewood-Amedex Inc,2,0,0.0
GamaMabs Pharma,2,0,0.0
Dynavax Technologies Corporation,2,0,0.0
TaiGen Biotechnology Co,2,0,0.0
Curatek Pharmaceuticals,2,0,0.0
OmegaD LLC,2,0,0.0
Kiniksa Pharmaceuticals,2,0,0.0
Tusker Medical,2,0,0.0
Sujata Vaidya,2,0,0.0
ADC Therapeutics,2,1,50.0
Aucta Pharmaceuticals,2,0,0.0
Pulmotect,2,0,0.0
Samyang Biopharmaceuticals Corporation,2,0,0.0
BioLineRx,2,1,50.0
Uni-Pharma Kleon Tsetis Pharmaceutical Laboratories,2,0,0.0
Kiora Pharmaceuticals,2,0,0.0
Cocrystal Pharma,2,0,0.0
ONY,2,0,0.0
Effector Therapeutics,2,0,0.0
Advagene Biopharma Co. Ltd.,2,0,0.0
Cellphire Therapeutics,2,0,0.0
LIB Therapeutics LLC,2,0,0.0
BlackThorn Therapeutics,2,0,0.0
Neurim Pharmaceuticals Ltd.,2,0,0.0
MorphoSys,2,1,50.0
Sebela Pharmaceuticals Development LLC,2,0,0.0
Spexis,2,0,0.0
Aimmune Therapeutics,2,0,0.0
Endeavor Biomedicines,2,0,0.0
Aurigene Discovery Technologies,2,0,0.0
Emerald Health Pharmaceuticals,2,0,0.0
Biosplice Therapeutics,2,0,0.0
Promius Pharma,2,0,0.0
bioRASI,2,0,0.0
Geron Corporation,2,1,50.0
Puma Biotechnology,2,1,50.0
Notitia Biotechnologies Company,2,0,0.0
"Rhodes Pharmaceuticals, L.P.",2,0,0.0
PharmaTher Inc.,2,0,0.0
Gedeon Richter Plc.,2,0,0.0
Patagonia Pharmaceuticals,2,0,0.0
Inventiva Pharma,2,0,0.0
BRIM Biotechnology Inc.,2,0,0.0
Actavis,1,0,0.0
Betta Pharmaceuticals Co,1,0,0.0
"Ellodi Pharmaceuticals, LP",1,0,0.0
Aurealis Oy,1,0,0.0
Provectus Pharmaceuticals,1,0,0.0
Kartos Therapeutics,1,0,0.0
Laboratorio Farmaceutico Ct S.r.l.,1,0,0.0
"Biofabri, S.L",1,0,0.0
Ribocure Pharmaceuticals AB,1,0,0.0
Dermtreat,1,0,0.0
Danisco,1,0,0.0
Qu Biologics Inc.,1,0,0.0
Hovid Berhad,1,0,0.0
Biocon,1,0,0.0
Lachlan Pharma Holdings,1,0,0.0
Novus Therapeutics,1,0,0.0
Charsire Biotechnology Corp.,1,0,0.0
TransThera Sciences (Nanjing),1,0,0.0
Immuno Cure 3,1,0,0.0
BioCardia,1,0,0.0
Eleven Biotherapeutics,1,0,0.0
"Ridgeback Biotherapeutics, LP",1,0,0.0
Laekna,1,0,0.0
Inflammx Therapeutics Inc,1,0,0.0
Westlake Pharmaceuticals (Hangzhou) Co,1,0,0.0
Aeterna Zentaris,1,1,100.0
NovaDigm Therapeutics,1,0,0.0
medac/Medexus,1,1,100.0
Autifony Therapeutics,1,0,0.0
Protox Inc.,1,0,0.0
Furiex Pharmaceuticals,1,1,100.0
AzurRx SAS,1,0,0.0
Beijing Pearl Biotechnology Limited Liability Company,1,0,0.0
Vaccinex Inc.,1,0,0.0
ACELYRIN Inc.,1,0,0.0
Ziarco Pharma Ltd,1,0,0.0
Pascoe Pharmazeutische Praeparate,1,0,0.0
Invirsa,1,0,0.0
Milestone Pharmaceuticals,1,1,100.0
ParaPRO LLC,1,0,0.0
Immungenetics,1,0,0.0
Ebima Clifford Okundaye,1,0,0.0
Motric Bio,1,0,0.0
Cristal Therapeutics,1,0,0.0
Metacrine,1,0,0.0
veriNOS operations,1,0,0.0
Respivant Sciences,1,0,0.0
Dompé,1,1,100.0
BenevolentAI Bio,1,0,0.0
Sojournix,1,0,0.0
JCR Pharmaceuticals Co,1,0,0.0
Larimar Therapeutics,1,0,0.0
Elevar Therapeutics,1,0,0.0
Rhythm,1,1,100.0
Pain Therapeutics,1,0,0.0
Neurelis,1,0,0.0
Evelo Biosciences,1,0,0.0
Alder Biopharmaceuticals,1,0,0.0
Kaleido Biosciences,1,0,0.0
Upsher-Smith Laboratories,1,0,0.0
Kainos Medicine Inc.,1,0,0.0
Sunhawk Vision Biotech,1,0,0.0
Yiling Pharmaceutical Inc.,1,0,0.0
Oscotec Inc.,1,0,0.0
Actuate Therapeutics Inc.,1,0,0.0
"Technophage, SA",1,0,0.0
CD Pharma India,1,0,0.0
Indena S.p.A,1,0,0.0
Rakuten Medical,1,0,0.0
Regenexx,1,0,0.0
ImmuPharma,1,0,0.0
Direct Biologics,1,0,0.0
HUTCHMED,1,0,0.0
Annovis Bio Inc.,1,0,0.0
ImmuneMed,1,0,0.0
Crinetics Pharmaceuticals,1,1,100.0
Axon Neuroscience SE,1,0,0.0
AbViro LLC,1,0,0.0
Cantex Pharmaceuticals,1,0,0.0
Mycovia,1,1,100.0
Alios Biopharma Inc.,1,0,0.0
Urotronic Inc.,1,0,0.0
Cybin Therapeutics Inc.,1,0,0.0
Ocuwize LTD,1,0,0.0
"Vaxcell Bio, Co",1,0,0.0
Aduro Biotech,1,0,0.0
Zogenix MDS,1,0,0.0
Commave,1,1,100.0
ZYUS Life Sciences Inc.,1,0,0.0
Defined Research,1,0,0.0
Hangzhou Hanx Biopharmaceuticals,1,0,0.0
Innervate Radiopharmaceuticals LLC (Formerly: Illumina Radiopharmaceuticals LLC),1,0,0.0
Warner Chilcott,1,0,0.0
Conatus Pharmaceuticals Inc.,1,0,0.0
Mirati,1,1,100.0
Relmada Therapeutics,1,0,0.0
Viela Bio,1,1,100.0
Radius Health,1,1,100.0
MGB Biopharma,1,0,0.0
SynCore Biotechnology Co,1,0,0.0
AlzProtect SAS,1,0,0.0
NeoTX Therapeutics Ltd.,1,0,0.0
CTI BioPharma,1,1,100.0
Acadia Pharmaceuticals,1,1,100.0
Brlev Agricultural Crops Ltd,1,0,0.0
Genor Biopharma Co,1,0,0.0
Research Insight LLC,1,0,0.0
Vergent Bioscience,1,0,0.0
Antengene Therapeutics,1,0,0.0
Kiniksa Pharmaceuticals International,1,0,0.0
Enterome,1,0,0.0
ES Therapeutics Australia Pty Ltd,1,0,0.0
Olix Pharmaceuticals,1,0,0.0
Halia Therapeutics,1,0,0.0
Marubeni Pharmaceuticals (Suzhou) Co,1,0,0.0
Pharma Power Biotec Co,1,0,0.0
EsoCap,1,0,0.0
AOBiome LLC,1,0,0.0
VBI Vaccines Inc.,1,0,0.0
Cortendo AB,1,0,0.0
Promentis Pharmaceuticals,1,0,0.0
Certa Therapeutics,1,0,0.0
Morphotek,1,0,0.0
Aptarion Biotech,1,0,0.0
Red de Terapia Celular,1,0,0.0
Beech Tree Labs,1,0,0.0
Haemostatix Ltd,1,0,0.0
C. R. Bard,1,0,0.0
Berlin Cures,1,0,0.0
Santhera/Catalyst,1,1,100.0
Balance Therapeutics,1,0,0.0
Leading BioSciences,1,0,0.0
Helix BioPharma Corporation,1,0,0.0
Medical Developments International,1,0,0.0
On Target Labs,1,1,100.0
InteKrin Therapeutics,1,0,0.0
Sephoris Pharmaceuticals LLC,1,0,0.0
Shuttle Pharmaceuticals,1,0,0.0
Suzhou Ribo Life Science Co. Ltd.,1,0,0.0
Sutro Biopharma,1,0,0.0
Haus Bioceuticals,1,0,0.0
S-INFINITY Pharmaceuticals Co,1,0,0.0
Revance,1,1,100.0
Aquinox Pharmaceuticals (Canada) Inc.,1,0,0.0
APRINOIA Therapeutics,1,0,0.0
Syndeio Biosciences,1,0,0.0
Calliditas Therapeutics Suisse SA,1,0,0.0
Merrimack Pharmaceuticals,1,0,0.0
Dizal Pharmaceuticals,1,0,0.0
Mateon Therapeutics,1,0,0.0
El Kendi Pharmaceuticals Manufacturing Company,1,0,0.0
BioAegis Therapeutics Inc.,1,0,0.0
Lumosa Therapeutics Co,1,0,0.0
Sublimity Therapeutics Holdco,1,0,0.0
Optinose US Inc.,1,0,0.0
Insmed,1,1,100.0
Bio Sidus SA,1,0,0.0
Zafgen,1,0,0.0
Flinders Fertility,1,0,0.0
UBI Pharma Inc.,1,0,0.0
Frontier Biotechnologies Inc.,1,0,0.0
"Lahore Medical Research Center, LLP",1,0,0.0
Adlai Nortye Biopharma Co,1,0,0.0
Emalex Biosciences Inc.,1,0,0.0
Wex Pharmaceuticals Inc.,1,0,0.0
Phoenix Tissue Repair,1,0,0.0
Ultimovacs ASA,1,0,0.0
Adare Pharmaceuticals,1,0,0.0
Johnson & Johnson,1,1,100.0
Reneo Pharma Ltd,1,0,0.0
DiaVacs,1,0,0.0
"Laboratorio Avi-Mex, S.A. de C.V.",1,0,0.0
Hangzhou ACEA Pharmaceutical Research Co,1,0,0.0
Novakand Pharma AB,1,0,0.0
Transgene,1,0,0.0
Actinogen Medical,1,0,0.0
Pharming,1,1,100.0
Virios Therapeutics,1,0,0.0
Eledon Pharmaceuticals,1,0,0.0
Tricida,1,0,0.0
Trevi Therapeutics,1,0,0.0
Aveo,1,1,100.0
G.ST Antivirals,1,0,0.0
Arvid Carlsson Research AB,1,0,0.0
Forma Therapeutics,1,0,0.0
Viracta Therapeutics,1,0,0.0
Nephron Pharmaceuticals Corporation,1,0,0.0
Evive Biotech,1,1,100.0
PolarityTE,1,0,0.0
Telios Pharma,1,0,0.0
TiumBio Co,1,0,0.0
NFlection Therapeutics,1,0,0.0
Orchard Therapeutics,1,1,100.0
X4 Pharmaceuticals,1,1,100.0
Shenzhen Kangzhe Pharmaceutical Co,1,0,0.0
Zhengzhou Gensciences Inc,1,0,0.0
Viriom,1,0,0.0
ChemRar Research and Development Institute,1,0,0.0
Abfero Pharmaceuticals,1,0,0.0
Novimmune/Sobi,1,1,100.0
Sihuan Pharmaceutical Holdings Group Ltd.,1,0,0.0
Cereno Scientific AB,1,0,0.0
Theriva Biologics SL,1,0,0.0
Shanghai WD Pharmaceutical Co,1,0,0.0
InMed Pharmaceuticals Inc.,1,0,0.0
Esanex Inc.,1,0,0.0
Tolerion,1,0,0.0
Isofol Medical AB,1,0,0.0
I-Mab Biopharma US,1,0,0.0
Yangtze River Pharmaceutical Group Jiangsu Zilong Pharmaceutical,1,0,0.0
TCM Biotech International Corp.,1,0,0.0
Vigil Neuroscience,1,0,0.0
Adocia,1,0,0.0
Elusys Therapeutics,1,1,100.0
Natureceuticals Sdn Bhd,1,0,0.0
Spyryx Biosciences,1,0,0.0
Edgemont Pharmaceuticals,1,0,0.0
Lidds AB,1,0,0.0
Mersana Therapeutics,1,0,0.0
OXOLIFE,1,0,0.0
SPH-BIOCAD (HK),1,0,0.0
Huabo Biopharm Co,1,0,0.0
Cellceutix Corporation,1,0,0.0
ReNeuron,1,0,0.0
La Jolla Pharmaceutical,1,1,100.0
ViralClear Pharmaceuticals,1,0,0.0
Regor Pharmaceuticals Inc.,1,0,0.0
Rallybio,1,0,0.0
Genexine,1,0,0.0
Sophiris Bio Corp,1,0,0.0
Xigen SA,1,0,0.0
Telix Pharmaceuticals (Innovations) Pty,1,0,0.0
Hangzhou Gensciences Biopharmaceutical Co,1,0,0.0
Kolon TissueGene,1,0,0.0
Faraday Pharmaceuticals,1,0,0.0
Iltoo Pharma,1,0,0.0
Gesynta Pharma AB,1,0,0.0
Cell Medica Ltd,1,0,0.0
Eikon Therapeutics,1,0,0.0
Acticor Biotech,1,0,0.0
RyCarma Therapeutics,1,0,0.0
Jeffrey Clarke,1,0,0.0
Exvastat Ltd.,1,0,0.0
BioLite,1,0,0.0
TrippBio,1,0,0.0
AmDerma,1,0,0.0
JHL Biotech,1,0,0.0
TenNor Therapeutics,1,0,0.0
QOL Medical,1,0,0.0
Schülke & Mayr,1,0,0.0
Ra Pharmaceuticals,1,0,0.0
Sage/Biogen,1,1,100.0
Crown Laboratories,1,0,0.0
Celularity Incorporated,1,0,0.0
Gama Healthcare Ltd.,1,0,0.0
Shanghai Bao Pharmaceuticals Co,1,0,0.0
Invectys,1,0,0.0
United Laboratories,1,0,0.0
DFB Soria,1,0,0.0
Sesen Bio,1,0,0.0
Daehwa Pharmaceutical Co,1,0,0.0
Merck (Organon),1,1,100.0
Transcend Therapeutics,1,0,0.0
BioSight Ltd.,1,0,0.0
Biomay,1,0,0.0
Syros,1,0,0.0
Addex Pharma,1,0,0.0
Dermavant,1,1,100.0
Attralus,1,0,0.0
MediWound,1,1,100.0
Areteia Therapeutics,1,0,0.0
PharmAbcine,1,0,0.0
Osiris Therapeutics,1,0,0.0
Aponia Laboratories,1,0,0.0
Pharmasyntez,1,0,0.0
Immune System Key Ltd,1,0,0.0
Revolution Medicines,1,0,0.0
Bolt Biotherapeutics,1,0,0.0
QBiotics Group,1,0,0.0
Ivix LLX,1,0,0.0
Senju Pharmaceutical Science & Technology (Beijing) Co,1,0,0.0
Guangzhou Bioseal Biotechnology Co,1,0,0.0
Attenua,1,0,0.0
Newron / US WorldMeds,1,1,100.0
TNF Pharmaceuticals,1,0,0.0
PT Kalbe Genexine Biologics,1,0,0.0
Tianjin SinoBiotech Ltd.,1,0,0.0
Maggie's Pearl,1,0,0.0
Organogenesis,1,0,0.0
BioGaia Pharma AB,1,0,0.0
AOP Orphan Pharmaceuticals,1,0,0.0
Neurolixis SAS,1,0,0.0
PharmaEssentia Japan K.K.,1,0,0.0
Henan Genuine Biotech Co,1,0,0.0
"Kayuraeffect, LLP",1,0,0.0
Lassen Therapeutics Inc.,1,0,0.0
Travere,1,1,100.0
SIGA Technologies,1,1,100.0
Apeptico Forschung und Entwicklung,1,0,0.0
BioMendics,1,0,0.0
DEKK-TEC,1,0,0.0
Zydus Worldwide DMCC,1,0,0.0
Blade Therapeutics,1,0,0.0
Clinique Ovo,1,0,0.0
Zai Lab Pty. Ltd.,1,0,0.0
ViiV,1,1,100.0
Synergy Pharmaceuticals,1,1,100.0
RegeneRx Biopharmaceuticals,1,0,0.0
Beta Pharma Shanghai,1,0,0.0
LTN PHARMACEUTICALS,1,0,0.0
TB Alliance,1,1,100.0
S&D Pharma SK s.r.o.,1,0,0.0
Edison Pharmaceuticals Inc,1,0,0.0
Vera Therapeutics,1,0,0.0
Novaremed Ltd.,1,0,0.0
Galectin Therapeutics Inc.,1,0,0.0
Immuron Ltd.,1,0,0.0
Hugel Inc,1,1,100.0
Plethora Solutions Ltd,1,0,0.0
PepTonic Medical AB,1,0,0.0
United Neuroscience Ltd.,1,0,0.0
PellePharm,1,0,0.0
OrthoTrophix,1,0,0.0
Innate Pharma,1,0,0.0
Renova Therapeutics,1,0,0.0
Resverlogix Corp,1,0,0.0
Takara Bio Inc.,1,0,0.0
Dicot AB,1,0,0.0
Health Clinics,1,0,0.0
Rigel,1,1,100.0
Agios,1,1,100.0
Cosmo Technologies Ltd,1,0,0.0
Revive Therapeutics,1,0,0.0
Novoteris,1,0,0.0
Aramis Biosciences,1,0,0.0
SAb Biotherapeutics,1,0,0.0
Egalet Ltd,1,0,0.0
Duchesnay Inc.,1,0,0.0
Guard Therapeutics AB,1,0,0.0
Sinovac Biotech (Hong Kong),1,0,0.0
Upstream Bio Inc.,1,0,0.0
Bausch & Lomb,1,1,100.0
Genmab,1,0,0.0
"Purdue Pharma, Canada",1,0,0.0
IntelGenx Corp.,1,0,0.0
Sacsh,1,0,0.0
Nxera Pharma UK,1,0,0.0
Mabion SA,1,0,0.0
AMO Pharma,1,0,0.0
Incannex Healthcare Ltd,1,0,0.0
RAPT Therapeutics,1,0,0.0
Biosion,1,0,0.0
US WorldMeds,1,1,100.0
Ilkos Therapeutic Inc.,1,0,0.0
Enterin Inc.,1,0,0.0
LIB Therapeutics,1,1,100.0
Juniper Pharmaceuticals,1,0,0.0
Living Cell Technologies,1,0,0.0
Theramab LLC,1,0,0.0
Teva Pharmaceuticals,1,1,100.0
Castle Creek Pharmaceuticals,1,0,0.0
Sensei Biotherapeutics,1,0,0.0
Beijing Biostar Pharmaceuticals Co,1,0,0.0
Cyclerion Therapeutics,1,0,0.0
Xcovery Holdings,1,1,100.0
Elevation Oncology,1,0,0.0
Shanghai Alebund Pharmaceuticals,1,0,0.0
Yamo Pharmaceuticals LLC,1,0,0.0
Stealth BioTherapeutics Inc.,1,0,0.0
EpiEndo Pharmaceuticals,1,0,0.0
OncoMed Pharmaceuticals,1,0,0.0
Abnoba,1,0,0.0
BrightPath Biotherapeutics,1,0,0.0
IO Biotech,1,0,0.0
IntraBio Inc,1,0,0.0
Bota Bio Co,1,0,0.0
Remedy Pharmaceuticals,1,0,0.0
Causeway Therapeutics,1,0,0.0
Adimmune Corporation,1,0,0.0
Napo Pharmaceuticals,1,0,0.0
Tasly GeneNet Pharmaceuticals Co,1,0,0.0
Allist Pharmaceuticals,1,0,0.0
Neurocentria,1,0,0.0
Nova Mentis Life Science Corp,1,0,0.0
GB004,1,0,0.0
Curemark,1,0,0.0
Spago Nanomedical AB,1,0,0.0
Tenax Therapeutics,1,0,0.0
Sention Therapeutics,1,0,0.0
Toray Industries,1,0,0.0
Aston Sci. Inc.,1,0,0.0
Dragonboat Biopharmaceutical Company,1,0,0.0
Kindeva Drug Delivery,1,0,0.0
Oncopeptides,1,1,100.0
BHV Pharma,1,0,0.0
ValiSeek,1,0,0.0
Sam Chun Dang Pharm. Co. Ltd.,1,0,0.0
Biophytis,1,0,0.0
Prima BioMed Ltd,1,0,0.0
Acesion Pharma,1,0,0.0
Advaccine (Suzhou) Biopharmaceuticals Co,1,0,0.0
Ipekyolu Ilac Ltd. Sti,1,0,0.0
Reata Pharmaceuticals,1,1,100.0
"Laboratorios Leti, S.L.",1,0,0.0
Tarsus,1,1,100.0
Laurent Pharmaceuticals Inc.,1,0,0.0
"Minoryx Therapeutics, S.L.",1,0,0.0
MGGM LLC,1,0,0.0
Cardior Pharmaceuticals,1,0,0.0
Enlivex Therapeutics Ltd.,1,0,0.0
Iterum Therapeutics,1,1,100.0
Theragnostics Ltd,1,0,0.0
Currax Pharmaceuticals,1,0,0.0
Symbiomix Therapeutics,1,1,100.0
Zentalis Pharmaceuticals,1,0,0.0
Bigespas LTD,1,0,0.0
Stayble Therapeutics,1,0,0.0
HedgePath Pharmaceuticals,1,0,0.0
Li-Cor,1,0,0.0
Magenta Therapeutics,1,0,0.0
AegisCN LLC,1,0,0.0
Ridgeback,1,1,100.0
Formycon,1,0,0.0
Gliknik Inc.,1,0,0.0
Teclison Ltd.,1,0,0.0
Meiji Pharma USA Inc.,1,0,0.0
Suzhou Alphamab Co,1,0,0.0
Noah Pharmaceuticals,1,0,0.0
New England Cell Therapeutics,1,0,0.0
Mylan Technologies Inc.,1,0,0.0
Jiangsu Nhwa Pharmaceutical Co,1,0,0.0
Advicenne Pharma,1,0,0.0
CHA Vaccine Institute Co,1,0,0.0
Goldfinch Bio,1,0,0.0
Greenwich Biosciences,1,1,100.0
Ascend Biopharmaceuticals Ltd,1,0,0.0
Agios Pharmaceuticals,1,1,100.0
Minneamrita Therapeutics LLC,1,0,0.0
Lyric Pharmaceuticals,1,0,0.0
Amylyx Pharmaceuticals Inc.,1,0,0.0
Biomedizinische Forschungs,1,0,0.0
Xalud Therapeutics,1,0,0.0
Yung Shin Pharm. Ind. Co,1,0,0.0
Aegerion Pharmaceuticals,1,0,0.0
Tempero Bio,1,0,0.0
BioLab 612 LLC,1,0,0.0
Omeicos Therapeutics,1,0,0.0
Marathon Pharmaceuticals,1,0,0.0
Chris Miller,1,0,0.0
Green Cross Wellbeing,1,0,0.0
Evolus,1,0,0.0
Cutia Therapeutics (Shanghai) Co,1,0,0.0
Stempeutics Research Pvt Ltd,1,0,0.0
Geistlich Pharma,1,0,0.0
Mayne Pharma,1,1,100.0
Tosk,1,0,0.0
Strekin,1,0,0.0
"ITF Research Pharma, S.L.U.",1,0,0.0
BioVersys,1,0,0.0
US Biotest,1,0,0.0
4Living Biotech,1,0,0.0
Herantis Pharma Plc.,1,0,0.0
Megainpharm,1,0,0.0
PRInnovation,1,0,0.0
Ocumension Therapeutics (Suzhou) Co,1,0,0.0
Viatris,1,0,0.0
Faeth Therapeutics,1,0,0.0
BioCryst,1,1,100.0
Hallux,1,0,0.0
Recordati Rare Diseases,1,1,100.0
Inversago Pharma Inc.,1,0,0.0
Curis,1,0,0.0
Ferrer Internacional,1,0,0.0
River 3 Renal Corp.,1,0,0.0
BioDlink Biopharm Co,1,0,0.0
Knopp Biosciences,1,0,0.0
Beijing Kawin Technology Share-Holding Co,1,0,0.0
Pardes Biosciences,1,0,0.0
EnliTISA (Shanghai) Pharmaceutical Co,1,0,0.0
Shenyang Tonglian Group CO,1,0,0.0
SOTIO a.s.,1,0,0.0
Complexa,1,0,0.0
Atom Therapeutics Co,1,0,0.0
Lateral Pharma Pty Ltd,1,0,0.0
Fujian Akeylink Biotechnology Co,1,0,0.0
Belite Bio,1,0,0.0
Omnifarma Kiev LLC,1,0,0.0
Kawin Technology Share-holding Co,1,0,0.0
Medicenna Therapeutics,1,0,0.0
InSilico Medicine Hong Kong,1,0,0.0
NodThera,1,0,0.0
Targovax Oy,1,0,0.0
Que Oncology,1,0,0.0
Inozyme Pharma,1,0,0.0
Swiss Cardio Technologies,1,0,0.0
Hyundai Pharmaceutical Co,1,0,0.0
Apogenix,1,0,0.0
Eusol Biotech Co,1,0,0.0
Lung Biotechnology PBC,1,0,0.0
OcuTerra Therapeutics,1,0,0.0
PHARMAFINA,1,0,0.0
Topivert Pharma Ltd,1,0,0.0
Bharat Serums and Vaccines,1,0,0.0
Manistee Therapeutics,1,0,0.0
Mindful Diagnostics and Therapeutics,1,0,0.0
Techfields Pharma,1,0,0.0
Shanghai Kechow Pharma,1,0,0.0
NeoImmuneTech,1,0,0.0
Replicor Inc.,1,0,0.0
NovaBiotics Ltd.,1,0,0.0
Paratek Pharmaceuticals,1,1,100.0
Soleno Therapeutics,1,0,0.0
Elgan Pharma Ltd.,1,0,0.0
Tychan Pte Ltd.,1,0,0.0
Biojiva LLC,1,0,0.0
Adaptimmune Therapeutics,1,1,100.0
Innocrin Pharmaceutical,1,0,0.0
Chiasma,1,0,0.0
Anchiano Therapeutics Israel Ltd.,1,0,0.0
Clasado Biosciences Ltd,1,0,0.0
Elpen Pharmaceutical Co. Inc.,1,0,0.0
CeleCor Therapeutics,1,0,0.0
Invivyd,1,0,0.0
Allecra Therapeutics,1,1,100.0
Pluristem Ltd.,1,0,0.0
Evolve Biologics,1,0,0.0
Zhejiang Doer Biologics Co,1,0,0.0
atai Therapeutics,1,0,0.0
LENZ Therapeutics,1,1,100.0
Toltec Pharmaceuticals,1,0,0.0
Mylan Pharmaceuticals Private,1,0,0.0
Reveal Pharmaceuticals Inc.,1,0,0.0
Idorsia Pharmaceuticals,1,1,100.0
Abide Therapeutics,1,0,0.0
Inhibikase Therapeutics,1,0,0.0
Prelude Therapeutics,1,0,0.0
Mapreg,1,0,0.0
Hualan Biological Bacterin Co. Ltd.,1,0,0.0
F2G Biotech,1,0,0.0
Stargazer Pharmaceuticals,1,0,0.0
Dimerix Bioscience Pty Ltd,1,0,0.0
Aurinia,1,1,100.0
HAL Allergy,1,0,0.0
BioMAS Ltd,1,0,0.0
Green Valley (Shanghai) Pharmaceuticals Co,1,0,0.0
Lenus Therapeutics,1,0,0.0
Fervent Pharmaceuticals,1,0,0.0
Cellaion SA,1,0,0.0
Nobias Therapeutics,1,0,0.0
TrueBinding,1,0,0.0
GeNeuro Innovation SAS,1,0,0.0
Omeros,1,1,100.0
Bausch + Lomb/Novaliq,1,1,100.0
Panion & BF Biotech Inc.,1,0,0.0
Progenics,1,1,100.0
Immodulon Therapeutics Ltd,1,0,0.0
DAS-MG,1,0,0.0
Hemera Biosciences,1,0,0.0
Helsinn,1,1,100.0
Idorsia,1,1,100.0
Xenikos,1,0,0.0
Veralox Therapeutics,1,0,0.0
Braintree Labs,1,1,100.0
Nearmedic Plus LLC,1,0,0.0
Ixaka Ltd,1,0,0.0
Tsumura USA,1,0,0.0
Talaris Therapeutics Inc.,1,0,0.0
VectivBio,1,0,0.0
TRB Chemedica International SA,1,0,0.0
Graviton Bioscience Corporation,1,0,0.0
Sclnow Biotechnology Co,1,0,0.0
Telix Pharmaceuticals (Innovations) Pty Ltd,1,0,0.0
Nextrast,1,0,0.0
CSPC Zhongnuo Pharmaceutical (Shijiazhuang) Co,1,0,0.0
ABLi Therapeutics,1,0,0.0
J2H Biotech,1,0,0.0
RHEACELL GmbH & Co. KG,1,0,0.0
AOP Health,1,1,100.0
Damian Pharma,1,0,0.0
Kardigan,1,0,0.0
Formation Bio,1,0,0.0
Conjupro Biotherapeutics,1,0,0.0
Chemi,1,0,0.0
Lantheus Germany,1,0,0.0
AgeneBio,1,0,0.0
Shanghai JunTop Biosciences Co,1,0,0.0
Shandong New Time Pharmaceutical Co,1,0,0.0
Zynerba Pharmaceuticals,1,0,0.0
"Ayala Pharmaceuticals, Inc,",1,0,0.0
Dr Reddy's,1,1,100.0
Lument AB,1,0,0.0
Enzyvant Therapeutics,1,1,100.0
ApcinteX Ltd,1,0,0.0
Ferring Ventures,1,0,0.0
Nerre Therapeutics Ltd.,1,0,0.0
Shijiazhuang Yiling Pharmaceutical,1,0,0.0
Verastem Oncology,1,1,100.0
Galecto Biotech AB,1,0,0.0
AVEO Pharmaceuticals,1,0,0.0
Avidity Biosciences,1,0,0.0
Biomea Fusion Inc.,1,0,0.0
Nivagen Pharmaceuticals Inc.,1,0,0.0
MedinCell S.A,1,0,0.0
"Beijing QL Biopharmaceutical Co.,Ltd",1,0,0.0
Accuitis,1,0,0.0
Rivus Pharmaceuticals,1,0,0.0
FLUIDDA nv,1,0,0.0
"Kanion & Huawe Medicine Co.,Ltd",1,0,0.0
Vogenx,1,0,0.0
Medicines Development for Global Health,1,1,100.0
Angitia Biopharmaceuticals,1,0,0.0
Adrenomed,1,0,0.0
Shanxi Kangbao Biological Product Co,1,0,0.0
"Exela Pharma Sciences, LLC.",1,0,0.0
Gilgamesh Pharmaceuticals,1,0,0.0
Equilibre Biopharmaceuticals B.V.,1,0,0.0
Vivozon,1,0,0.0
Kazia Therapeutics,1,0,0.0
BPGbio,1,0,0.0
Golden Biotechnology Corporation,1,0,0.0
Polaris Group,1,0,0.0
DisperSol Technologies,1,0,0.0
Matinas Biopharma,1,0,0.0
Pelage Pharmaceuticals,1,0,0.0
Gdit,1,0,0.0
Compass Therapeutics,1,0,0.0
Moleac Pte Ltd.,1,0,0.0
Medesis Pharma SA,1,0,0.0
Sinomune Pharmaceutical Co,1,0,0.0
Neuvosyn Laboratories,1,0,0.0
Geno LLC,1,0,0.0
Neothetics,1,0,0.0
Aquilon Pharmaceuticals,1,0,0.0
Rottapharm Biotech,1,0,0.0
Atlantic Pharmaceuticals Ltd,1,0,0.0
eXIthera Pharmaceuticals,1,0,0.0
Cerecin,1,0,0.0
AGO Research,1,0,0.0
Knoa Pharma LLC,1,0,0.0
GEN İlaç ve Sağlık Ürünleri A.Ş.,1,0,0.0
AC Immune SA,1,0,0.0
Antria,1,0,0.0
Apellis,1,1,100.0
Regenacy Pharmaceuticals LLC,1,0,0.0
Legacy Healthcare SA,1,0,0.0
AL-S Pharma,1,0,0.0
Fabre-Kramer,1,1,100.0
Redx Pharma Ltd,1,0,0.0
Heidelberg Pharma,1,0,0.0
Stero Biotechs Ltd.,1,0,0.0
Aristea Therapeutics,1,0,0.0
Tetra Bio-Pharma,1,0,0.0
Tenet Medicines,1,0,0.0
Arctic Bioscience,1,0,0.0
MedRegen LLC,1,0,0.0
AriBio Co,1,0,0.0
Jemincare,1,0,0.0
Senju USA,1,0,0.0
Hua Medicine,1,0,0.0
Gannex Pharma Co,1,0,0.0
Apollo Therapeutics Ltd,1,0,0.0
Flame Biosciences,1,0,0.0
Oragenics,1,0,0.0
"Tvardi Therapeutics, Incorporated",1,0,0.0
Autolus Therapeutics,1,1,100.0
Bird Rock Bio,1,0,0.0
Academic Thoracic Oncology Medical Investigators Consortium,1,0,0.0
Cosmo Technologies/Aries,1,1,100.0
101 Therapeutics,1,0,0.0
Tetraphase Pharmaceuticals,1,1,100.0
Prilenia,1,0,0.0
Zionexa,1,1,100.0
Eliem Therapeutics (UK) Ltd.,1,0,0.0
Mandos LLC,1,0,0.0
BUZZZ Pharmaceuticals,1,0,0.0
SillaJen,1,0,0.0
Redwood Pharma AB,1,0,0.0
Meissa Vaccines,1,0,0.0
Shanghai Antengene Corporation,1,0,0.0
KinoPharma Inc.,1,0,0.0
Hepagene (Shanghai) Co,1,0,0.0
GenSpera,1,0,0.0
Tavanta Therapeutics,1,0,0.0
Annexin Pharmaceuticals AB,1,0,0.0
Acurx Pharmaceuticals Inc.,1,0,0.0
NX Development Corp,1,0,0.0
Suzhou Yabao Pharmaceutical R&D Co,1,0,0.0
Mylan,1,1,100.0
Sagent Pharmaceuticals Inc.,1,0,0.0
Medexus Pharma,1,0,0.0
Intron Biotechnology,1,0,0.0
Cogna Technology Solutions LLC,1,0,0.0
AIM ImmunoTech Inc.,1,0,0.0
Accro Bioscience (Suzhou),1,0,0.0
CellSight Technologies,1,0,0.0
Beijing Mabworks Biotech Co,1,0,0.0
Population Council,1,1,100.0
photonamic GmbH & Co. KG,1,0,0.0
Benitec Biopharma,1,0,0.0
Lumen Bioscience,1,0,0.0
Amylyx,1,1,100.0
Eupraxia Pharmaceuticals Inc.,1,0,0.0
Medolution Ltd.,1,0,0.0
River 2 Renal Corp.,1,0,0.0
ENA Respiratory Pty Ltd,1,0,0.0
T-Balance Therapeutics,1,0,0.0
"Institute of Vaccines and Medical Biologicals, Vietnam",1,0,0.0
Chemo Research,1,1,100.0
Vertero Therapeutics,1,0,0.0
Myelo Therapeutics,1,0,0.0
Alethia Biotherapeutics,1,0,0.0
Spinifex Pharmaceuticals Pty Ltd,1,0,0.0
Perception Neuroscience,1,0,0.0
Beijing Wehand-Bio Pharmaceutical Co,1,0,0.0
Evopoint Biosciences Inc.,1,0,0.0
Scholar Rock,1,0,0.0
Dizal Pharmaceutical,1,1,100.0
Kurobe LLC,1,0,0.0
Grand Medical Pty Ltd.,1,0,0.0
Teva Respiratory,1,1,100.0
UnitedHealth Group,1,0,0.0
Alcon,1,1,100.0
Pega-One S.A.S.,1,0,0.0
Angiocrine Bioscience,1,0,0.0
Musli Thyropeutics Ltd.,1,0,0.0
Dignity Sciences Ltd.,1,0,0.0
"Shineway Pharmaceutical Co.,Ltd",1,0,0.0
Innopharm LLC,1,0,0.0
Zosano Pharma Corporation,1,0,0.0
CuromeBiosciences,1,0,0.0
Algernon Pharmaceuticals,1,0,0.0
Laboratorios Richmond S.A.C.I.F.,1,0,0.0
9305-9954 Quebec Inc,1,0,0.0
Molecular Templates,1,0,0.0
MetrioPharm,1,0,0.0
Corvus Pharmaceuticals,1,0,0.0
Nivalis Therapeutics,1,0,0.0
BioNova Pharmaceuticals (Shanghai) LTD.,1,0,0.0
Motif Bio,1,0,0.0
Aravive,1,0,0.0
Autoimmune Technologies,1,0,0.0
Arch Biopartners Inc.,1,0,0.0
NantPharma,1,0,0.0
Ritter Pharmaceuticals,1,0,0.0
AkaRx/Dova,1,1,100.0
SigmaDrugs Research Ltd.,1,0,0.0
Beijing VDJBio Co,1,0,0.0
Daré Bioscience,1,0,0.0
Teva,1,1,100.0
Pneumagen Ltd.,1,0,0.0
NS Pharma,1,0,0.0
SNLD,1,0,0.0
VHsquared Ltd.,1,0,0.0
Teijin America,1,0,0.0
Innoviva/Entasis,1,1,100.0
Chendu DIAO Pharmaceutical Group CO,1,0,0.0
Shanton Pharma Co,1,0,0.0
Raziel Therapeutics Ltd.,1,0,0.0
Shanghai Vinnerna Biosciences Co,1,0,0.0
Crestone,1,0,0.0
IMMUNOe Research Centers,1,0,0.0
HiberCell,1,0,0.0
Mundipharma Korea Ltd,1,0,0.0
Norwegian Underwater Intervention (NUI),1,0,0.0
Infinity Pharmaceuticals,1,0,0.0
Solasia Pharma K.K.,1,0,0.0
MEDRx USA,1,0,0.0
Vitti Labs,1,0,0.0
Spectrum,1,1,100.0
Salubris Biotherapeutics Inc,1,0,0.0
Sage Therapeutics,1,0,0.0
Innoviva/GARDP,1,1,100.0
Altesa Biosciences,1,0,0.0
Ohr Pharmaceutical Inc.,1,0,0.0
Beijing Dayspring Pharmaceutical Technology Co,1,0,0.0
Dendreon,1,0,0.0
TRYP Therapeutics,1,0,0.0
Rovi Pharmaceuticals Laboratories,1,0,0.0
Yiviva Inc.,1,0,0.0
Wellstat Therapeutics,1,1,100.0
Forma,1,1,100.0
Paxmedica,1,0,0.0
Phrixus Pharmaceuticals,1,0,0.0
Stuart Therapeutics,1,0,0.0
Rapport Therapeutics Inc.,1,0,0.0
"Ivy Life Sciences, Co",1,0,0.0
Astrogen,1,0,0.0
Akashi Therapeutics,1,0,0.0
"Ancora Bio, Inc. d/b/a EmbarkNeuro",1,0,0.0
Immunocore Ltd,1,0,0.0
Longboard Pharmaceuticals,1,0,0.0
Saving Patients' Lives Medical B.V.,1,0,0.0
LB Pharmaceuticals Inc.,1,0,0.0
Xentria,1,0,0.0
"Cerenis Therapeutics, SA",1,0,0.0
Inmune Bio,1,0,0.0
AltruBio Inc.,1,0,0.0
Prove pharm,1,0,0.0
Agomab Spain S.L.U.,1,0,0.0
Atriva Therapeutics,1,0,0.0
Immunity Pharma Ltd.,1,0,0.0
Destiny Pharma Plc,1,0,0.0
KAZM Pharmaceuticals Inc.,1,0,0.0
Karus Therapeutics,1,0,0.0
Walvax Biotechnology Co,1,0,0.0
Kythera,1,1,100.0
Samson Clinical Operations Pty Ltd,1,0,0.0
GC Biopharma Corp,1,0,0.0
Qilu Pharmaceutical (Hainan) Co,1,0,0.0
Botanicure Co,1,0,0.0
R-Bio,1,0,0.0
Gamida Cell,1,1,100.0
Shanghai Genomics,1,0,0.0
Flex Pharma,1,0,0.0
Aligos Therapeutics,1,0,0.0
GH Research Ireland,1,0,0.0
RDO Pharm.,1,0,0.0
Tigenix S.A.U.,1,0,0.0
SecuraBio,1,0,0.0
Asceneuron,1,0,0.0
BIT Pharma,1,0,0.0
TaiMed Biologics,1,1,100.0
Mendus,1,0,0.0
Galmed Pharmaceuticals Ltd,1,0,0.0
Versartis Inc.,1,0,0.0
Italfarmaco (ITF Therapeutics),1,1,100.0
Tioga Pharmaceuticals,1,0,0.0
Arsanis,1,0,0.0
Integra LifeSciences Corporation,1,0,0.0
Engage Therapeutics,1,0,0.0
Aurinia Pharmaceuticals Inc.,1,0,0.0
Medivir,1,0,0.0
MediMergent,1,0,0.0
Alcobra Ltd.,1,0,0.0
Psoriasis Research Institute of Guangzhou,1,0,0.0
NMD Pharma A/S,1,0,0.0
Algiax Pharmaceuticals,1,0,0.0
MaaT Pharma,1,0,0.0
"United Biomedical Inc., Asia",1,0,0.0
Sichuan Huiyang Life Science and Technology Corporation,1,0,0.0
A2 Healthcare Taiwan Corporation,1,0,0.0
Oncternal Therapeutics,1,0,0.0
Par Pharmaceutical,1,0,0.0
ZZ Biotech,1,0,0.0
Circassia,1,0,0.0
Antev Ltd.,1,0,0.0
Prolacta Bioscience,1,0,0.0
Stemline,1,1,100.0
Aerpio Therapeutics,1,0,0.0
AKL Research and Development,1,0,0.0
Nature Cell Co. Ltd.,1,0,0.0
Rein Therapeutics,1,0,0.0
Kinarus,1,0,0.0
Tasly Pharmaceuticals,1,0,0.0
R-Pharm Overseas,1,0,0.0
BIND Therapeutics,1,0,0.0
Revalesio Corporation,1,0,0.0
"Prokrea BCN, S.L.",1,0,0.0
Cardiox Corporation,1,0,0.0
Unicycive Therapeutics,1,0,0.0
Ixchelsis,1,0,0.0
Zhejiang Kanova Biopharmaceutical Co,1,0,0.0
Combangio,1,0,0.0
HLB Cell Co,1,0,0.0
Biotie Therapies Inc.,1,0,0.0
Bonti,1,0,0.0
Theron Pharmaceuticals,1,0,0.0
60 Degrees Pharmaceuticals LLC,1,0,0.0
Galderma,1,1,100.0
Taiwan Bio Therapeutics Inc.,1,0,0.0
CKD Bio Corporation,1,0,0.0
Emergo Therapeutics,1,0,0.0
LeonaBio,1,0,0.0
HemoShear Therapeutics,1,0,0.0
Minghui Pharmaceutical (Hangzhou) Ltd,1,0,0.0
Actavis Pharma,1,1,100.0
Medytox Korea,1,0,0.0
Forte Biosciences,1,0,0.0
Mezzion Pharma,1,0,0.0
Enzychem Lifesciences Corporation,1,0,0.0
Palladio Biosciences,1,0,0.0
SpringWorks,1,1,100.0
Silence Therapeutics plc,1,0,0.0
TSH Biopharm Corporation,1,0,0.0
KoBioLabs,1,0,0.0
Ellipses Pharma,1,0,0.0
Canbex Therapeutics Ltd,1,0,0.0
Nabriva Therapeutics,1,0,0.0
Second Genome,1,0,0.0
Apeiron Biologics,1,0,0.0
Liminal BioSciences Ltd.,1,0,0.0
Pharmaessentia,1,1,100.0
Biota Pharma Europe,1,0,0.0
EIP Pharma Inc,1,0,0.0
Shanghai Hongyitang Biopharmaceutical Technology Co. Ltd.,1,0,0.0
Global Blood Therapeutics,1,0,0.0
Zhejiang Genfleet Therapeutics Co,1,0,0.0
Tremeau Pharmceuticals,1,0,0.0
Us Worldmeds,1,0,0.0
Lundbeck,1,1,100.0
Cleveland Cord Blood Center,1,1,100.0
Artios Pharma Ltd,1,0,0.0
Concert Pharmaceuticals,1,0,0.0
Ashvattha Therapeutics,1,0,0.0
CytoVac A/S,1,0,0.0
"Taizhou Mabtech Pharmaceutical Co.,Ltd",1,0,0.0
Modus Therapeutics AB,1,0,0.0
Instil Bio,1,0,0.0
PhytoTech Therapeutics,1,0,0.0
TaiwanJ Pharmaceuticals Co,1,0,0.0
ZyVersa Therapeutics,1,0,0.0
Ambrx,1,0,0.0
Ocelot Bio,1,0,0.0
Lilac Therapeutics,1,0,0.0
Kiniksa Pharmaceuticals (UK),1,0,0.0
Eiger,1,1,100.0
Reunion Neuroscience Inc,1,0,0.0
Definium Therapeutics US,1,0,0.0
UCLA,1,1,100.0
Mirum,1,1,100.0
HALO Diagnostics,1,0,0.0
ASIT Biotech,1,0,0.0
Imbria Pharmaceuticals,1,0,0.0
AlgoTherapeutix,1,0,0.0
Cordgenics,1,0,0.0
Bio-Pharm Solutions Co,1,0,0.0
Aivita Biomedical,1,0,0.0
XBiotech,1,0,0.0
Teva Branded Pharmaceutical Products R&D LLC,1,0,0.0
Capnia,1,0,0.0
Impact Therapeutics,1,0,0.0
NPS Pharma,1,1,100.0
Aelis Farma,1,0,0.0
Azevan Pharmaceuticals,1,0,0.0
Binhui Biopharmaceutical Co,1,0,0.0
Checkpoint Therapeutics,1,1,100.0
Engelhard Arzneimittel GmbH & Co.KG,1,0,0.0
Mylan Pharma UK Ltd.,1,0,0.0
Chimerix,1,1,100.0
Oppilan Pharma Ltd,1,0,0.0
MiMedx Group,1,0,0.0
Lysovant,1,0,0.0
iOMEDICO,1,0,0.0
"Beijing Greatway Pharmaceutical Technology Co.,Ltd.",1,0,0.0
Gene PreDiT,1,0,0.0
Youngene Therapeutics Inc,1,0,0.0
Kronos Bio,1,0,0.0
Renovion,1,0,0.0
Sirtsei Pharmaceuticals,1,0,0.0
Soterios Ltd,1,0,0.0
Anergis,1,0,0.0
Noorik Biopharmaceuticals,1,0,0.0
SolasCure,1,0,0.0
Kedrion,1,0,0.0
Araclon Biotech S.L.,1,0,0.0
Thrombolex,1,0,0.0
Santhera Pharmaceuticals,1,0,0.0
Centurion Pharma,1,0,0.0
Kibow Pharma,1,0,0.0
Levo Therapeutics,1,0,0.0
Hangzhou Yirui Pharmaceutical Technology Co,1,0,0.0
Mundipharma Research GmbH & Co KG,1,0,0.0
Anacor Pharmaceuticals,1,1,100.0
Rare Thyroid Therapeutics International AB,1,0,0.0
West-Ward Pharmaceutical,1,0,0.0
Pharmascience Inc.,1,0,0.0
Mallinckrodt ARD LLC,1,0,0.0
KinDex Pharmaceuticals,1,0,0.0
Teres Bio,1,0,0.0
Strata Oncology,1,0,0.0
Atacama Therapeutics,1,0,0.0
Halozyme,1,0,0.0
Vincentage Pharma Co,1,0,0.0
Cidara/Melinta,1,1,100.0
PharPoint Research,1,0,0.0
Ardeypharm,1,0,0.0
OliPass Corporation,1,0,0.0
Navitor Pharmaceuticals,1,0,0.0
Dark Canyon Laboratories,1,0,0.0
Immunic,1,0,0.0
Histogen,1,0,0.0
Criterium,1,0,0.0
Lipomedix Pharmaceuticals Inc.,1,0,0.0
Stemline Therapeutics,1,1,100.0
Ensysce Biosciences,1,0,0.0
Glyscend,1,0,0.0
Audion Therapeutics BV,1,0,0.0
Molecular Partners,1,0,0.0
Cirius Therapeutics,1,0,0.0
Nippon Shinyaku,1,1,100.0
Hookipa Biotech,1,0,0.0
Scioderm,1,0,0.0
Lantheus Medical Imaging,1,0,0.0
aTyr Pharma,1,0,0.0
Techfields Inc,1,0,0.0
Gwo Xi Stem Cell Applied Technology Co,1,0,0.0
TauRx Therapeutics Ltd,1,0,0.0
AmMax Bio,1,0,0.0
Bridge Biotherapeutics,1,0,0.0
ExCellThera inc.,1,0,0.0
McNeil Consumer Healthcare Division of McNEIL-PPC,1,0,0.0
Treeway B.V.,1,0,0.0
AlzeCure Pharma,1,0,0.0
T3D Therapeutics,1,0,0.0
Avadel,1,0,0.0
Yu-Jay Corp.,1,0,0.0
Boston Therapeutics,1,0,0.0
ASKA Pharmaceutical Co,1,0,0.0
Collaborative Medicinal Development Pty,1,0,0.0
Embera NeuroTherapeutics,1,0,0.0
Alopexx Pharmaceuticals,1,0,0.0
TaiRx,1,0,0.0
Gem Pharmaceuticals,1,0,0.0
BioTech Tools,1,0,0.0
ONL Therapeutics,1,0,0.0
Stealth BioTherapeutics,1,1,100.0
Desitin Arzneimittel,1,0,0.0
REMD Biotherapeutics,1,0,0.0
"Mylan Specialty, LP",1,0,0.0
Glycomine,1,0,0.0
Jetema USA Inc.,1,0,0.0
Sirnaomics,1,0,0.0
Polpharma Biologics,1,0,0.0
Cook MyoSite,1,0,0.0
Medsenic,1,0,0.0
Vicore Pharma AB,1,0,0.0
Beckley Psytech,1,0,0.0
E-nitiate Biopharmaceuticals (Hangzhou) Co,1,0,0.0
OM Pharma SA,1,0,0.0
Pharmamel S.L.,1,0,0.0
"Joint Stock Company ""Farmak""",1,0,0.0
Kang Stem Biotech Co,1,0,0.0
Thesan Pharmaceuticals,1,0,0.0
Pulmatrix Inc.,1,0,0.0
ReGenTree,1,0,0.0
Day One Biopharmaceuticals,1,1,100.0
AMIpharm Co,1,0,0.0
TheracosBio,1,1,100.0
HilleVax,1,0,0.0
CASI pharmaceuticals,1,0,0.0
Light Chain Bioscience - Novimmune SA,1,0,0.0
Sprout Pharmaceuticals,1,1,100.0
Merz Therapeutics,1,0,0.0
ParaTech A/S,1,0,0.0
Squarex,1,0,0.0
Anebulo Pharmaceuticals,1,0,0.0
SFJ Pharmaceuticals X,1,0,0.0
Revolo Biotherapeutics,1,0,0.0
Medtronic Spinal and Biologics,1,0,0.0
Prothya Biosolutions,1,0,0.0
Lead Chemical Co,1,0,0.0
The United Bio-Technology (Hengqin) Co,1,0,0.0
DNAtrix,1,0,0.0
Pharmicell Co,1,0,0.0
Syqe Medical,1,0,0.0
GenSight Biologics,1,0,0.0
Acadia,1,1,100.0
CARE ARTHRITIS LTD.,1,0,0.0
Thiogenesis Therapeutics,1,0,0.0
Therakos LLC,1,0,0.0
Zenith Epigenetics,1,0,0.0
ContraFect,1,0,0.0
Eloxx Pharmaceuticals,1,0,0.0
Saptalis Pharmaceuticals LLC,1,0,0.0
Nuvation Bio,1,1,100.0
IVFarma LLC,1,0,0.0
Enterprise Therapeutics Ltd,1,0,0.0
InterveXion Therapeutics,1,0,0.0
Gema Biotech,1,0,0.0
Grace Therapeutics Inc.,1,0,0.0
Supernus,1,1,100.0
Cellular Sciences,1,0,0.0
Laboratório Catarinense SA,1,0,0.0
Invex Therapeutics Ltd.,1,0,0.0
PRM Pharma,1,0,0.0
Nanjing Legend Biotech Co.,1,0,0.0
Synermore Biologics Co,1,0,0.0
Ascelia Pharma AB,1,0,0.0
SK Life Science,1,0,0.0
Taiho,1,1,100.0
Anokion Sa,1,0,0.0
Tetec,1,0,0.0
Precigen,1,1,100.0
Peregrine Ophthalmic,1,0,0.0
Jina Pharmaceuticals Inc.,1,0,0.0
Woolsey Pharmaceuticals,1,0,0.0
Nemysis Ltd,1,0,0.0
Nido Biosciences,1,0,0.0
Changshan ConjuChem BioPharmaceutical Research and Development (Hebei) Co,1,0,0.0
Regimmune Corporation,1,0,0.0
Cytoki Pharma,1,0,0.0
EirGenix,1,0,0.0
Rion Inc.,1,0,0.0
Fountain Biopharma Inc.,1,0,0.0
TYK Medicines,1,0,0.0
Kubota Vision Inc.,1,0,0.0
Synairgen Research Ltd.,1,0,0.0
Precision Life Sciences Group,1,0,0.0
Cellid Co,1,0,0.0
FORUM Pharmaceuticals Inc,1,0,0.0
NovMetaPharma Co,1,0,0.0
RSPR Pharma AB,1,0,0.0
StemCells,1,0,0.0
Xoft,1,0,0.0
Vitae Pharmaceuticals,1,0,0.0
Satsuma Pharmaceuticals,1,0,0.0
Enzene Biosciences Ltd.,1,0,0.0
Bazell Pharma,1,0,0.0
Rohto Pharmaceutical Co,1,0,0.0
Shanghai Auzone Biological Technology Co,1,0,0.0
Imbrium Therapeutics,1,0,0.0
Marinus,1,1,100.0
Vericel,1,1,100.0
Neuraltus Pharmaceuticals,1,0,0.0
Kythera Biopharmaceuticals,1,1,100.0
Fresenius Kabi USA,1,1,100.0
CellTrans,1,1,100.0
Levicept,1,0,0.0
Laguna Pharmaceuticals,1,0,0.0
XWPharma,1,0,0.0
Bioven Europe,1,0,0.0
HALEON,1,0,0.0
Infant Bacterial Therapeutics,1,0,0.0
Iacta Pharmaceuticals,1,0,0.0
HysensBio Co,1,0,0.0
Percheron Therapeutics,1,0,0.0
CicloMed LLC,1,0,0.0
Allerderm,1,0,0.0
Aventi Biotechnology Inc.,1,0,0.0
Versameb,1,0,0.0
Abcentra,1,0,0.0
Immunocore,1,1,100.0
Proteon Therapeutics,1,0,0.0
Cadent Therapeutics,1,0,0.0
Zhejiang DTRM Biopharma,1,0,0.0
Aceragen,1,0,0.0
EQRx,1,0,0.0
Hunazine Biotech S.L.,1,0,0.0
Oncovir,1,0,0.0
Travere Therapeutics,1,0,0.0
Immune Biosolutions Inc,1,0,0.0
Amivas,1,1,100.0
Proteostasis Therapeutics,1,0,0.0
UMN Pharma Inc.,1,0,0.0
DalCor Pharmaceuticals,1,0,0.0
CinPhloro Pharma,1,0,0.0
Resolve Therapeutics,1,0,0.0
Restorbio Inc.,1,0,0.0
Yisheng Biopharma (Singapore) Pte. Ltd.,1,0,0.0
Aviceda Therapeutics,1,0,0.0
MediPrint Ophthalmics,1,0,0.0
Zhejiang ACEA Pharmaceutical Co. Ltd.,1,0,0.0
Synchroneuron Inc.,1,0,0.0
IntraBio,1,1,100.0
Topas Therapeutics,1,0,0.0
Noblewell,1,0,0.0
BMI Korea,1,0,0.0
NewVac LLC,1,0,0.0
DexTech Medical AB,1,0,0.0
FUJIFILM Toyama Chemical Co,1,0,0.0
OrphoMed,1,0,0.0
Trevena,1,1,100.0
Fujifilm Pharmaceuticals U.S.A,1,0,0.0
Prestige Biopharma,1,0,0.0
Rapa Therapeutics LLC,1,0,0.0
I-Mab Biopharma HongKong,1,0,0.0
